;Survived;Pclass;Name;Sex;Age;SibSp;Parch;Ticket;Fare;Embarked
0;0;3;155.0;1.0;22.0;1;0;726.0;7.25;2.0
1;1;1;286.0;0.0;38.0;1;0;816.0;71.2833;0.0
2;1;3;523.0;0.0;26.0;0;0;906.0;7.925;2.0
3;1;1;422.0;0.0;35.0;1;0;65.0;53.1;2.0
4;0;3;22.0;1.0;35.0;0;0;649.0;8.05;2.0
5;0;3;818.0;1.0;29.881137667304014;0;0;373.0;8.4583;1.0
6;0;1;767.0;1.0;54.0;0;0;109.0;51.8625;2.0
7;0;3;914.0;1.0;2.0;3;1;541.0;21.075;2.0
8;1;3;605.0;0.0;27.0;0;2;477.0;11.1333;2.0
9;1;2;847.0;0.0;14.0;1;0;174.0;30.0708;0.0
10;1;3;1067.0;0.0;4.0;1;1;839.0;16.7;2.0
11;1;1;133.0;0.0;58.0;0;0;50.0;26.55;2.0
12;0;3;1070.0;1.0;20.0;0;0;721.0;8.05;2.0
13;0;3;38.0;1.0;39.0;1;5;459.0;31.275;2.0
14;0;3;1221.0;0.0;14.0;0;0;566.0;7.8542;2.0
15;1;2;533.0;0.0;55.0;0;0;204.0;16.0;2.0
16;0;3;995.0;1.0;2.0;4;1;659.0;29.125;1.0
17;1;2;1271.0;1.0;29.881137667304014;0;0;201.0;13.0;2.0
18;0;3;1216.0;0.0;31.0;1;0;417.0;18.0;2.0
19;1;3;760.0;0.0;29.881137667304014;0;0;243.0;7.225;0.0
20;0;2;423.0;1.0;35.0;0;0;182.0;26.0;2.0
21;1;2;112.0;1.0;34.0;0;0;203.0;13.0;2.0
22;1;3;778.0;0.0;15.0;0;0;379.0;8.0292;1.0
23;1;1;1111.0;1.0;28.0;0;0;54.0;35.5;2.0
24;0;3;917.0;0.0;8.0;3;1;541.0;21.075;2.0
25;1;3;64.0;0.0;38.0;1;5;454.0;31.3875;2.0
26;0;3;371.0;1.0;29.881137667304014;0;0;238.0;7.225;0.0
27;0;1;404.0;1.0;19.0;3;2;123.0;263.0;2.0
28;1;3;885.0;0.0;29.881137667304014;0;0;385.0;7.8792;1.0
29;0;3;1186.0;1.0;29.881137667304014;0;0;499.0;7.8958;2.0
30;0;1;1205.0;1.0;40.0;0;0;818.0;27.7208;0.0
31;1;1;1131.0;0.0;29.881137667304014;1;0;802.0;146.5208;0.0
32;1;3;446.0;0.0;29.881137667304014;0;0;397.0;7.75;1.0
33;0;2;1251.0;1.0;66.0;0;0;746.0;10.5;2.0
34;0;1;793.0;1.0;28.0;1;0;820.0;82.1708;0.0
35;0;1;554.0;1.0;42.0;1;0;55.0;52.0;2.0
36;1;3;750.0;1.0;29.881137667304014;0;0;272.0;7.2292;0.0
37;0;3;194.0;1.0;21.0;0;0;705.0;8.05;2.0
38;0;3;1213.0;0.0;18.0;2;0;418.0;18.0;2.0
39;1;3;862.0;0.0;14.0;1;0;245.0;11.2417;0.0
40;0;3;12.0;0.0;40.0;1;0;695.0;9.475;2.0
41;0;2;1204.0;0.0;27.0;1;0;69.0;21.0;2.0
42;0;3;662.0;1.0;29.881137667304014;0;0;536.0;7.8958;0.0
43;1;2;678.0;0.0;3.0;1;2;866.0;41.5792;0.0
44;1;3;325.0;0.0;19.0;0;0;384.0;7.8792;1.0
45;0;3;1015.0;1.0;29.881137667304014;0;0;840.0;8.05;2.0
46;0;3;698.0;1.0;29.881137667304014;1;0;637.0;15.5;1.0
47;1;3;884.0;0.0;29.881137667304014;0;0;100.0;7.75;1.0
48;0;3;1065.0;1.0;29.881137667304014;2;0;256.0;21.6792;0.0
49;0;3;52.0;0.0;18.0;1;0;520.0;17.8;2.0
50;0;3;920.0;1.0;7.0;4;1;335.0;39.6875;2.0
51;0;3;871.0;1.0;21.0;0;0;714.0;7.8;2.0
52;1;1;500.0;0.0;49.0;1;0;803.0;76.7292;0.0
53;1;2;381.0;0.0;29.0;1;0;324.0;26.0;2.0
54;0;1;907.0;1.0;65.0;0;1;39.0;61.9792;0.0
55;1;1;1281.0;1.0;29.881137667304014;0;0;122.0;35.5;2.0
56;1;2;1031.0;0.0;21.0;0;0;753.0;10.5;2.0
57;0;3;873.0;1.0;28.5;0;0;292.0;7.2292;0.0
58;1;2;1247.0;0.0;5.0;1;2;763.0;27.75;2.0
59;0;3;457.0;1.0;11.0;5;2;777.0;46.9;2.0
60;0;3;1095.0;1.0;22.0;0;0;263.0;7.2292;0.0
61;1;1;571.0;0.0;38.0;0;0;42.0;80.0;2.0
62;0;1;504.0;1.0;45.0;1;0;630.0;83.475;2.0
63;0;3;1101.0;1.0;4.0;3;2;464.0;27.9;2.0
64;0;1;1143.0;1.0;29.881137667304014;0;0;821.0;27.7208;0.0
65;1;3;824.0;1.0;29.881137667304014;1;1;255.0;15.2458;0.0
66;1;2;874.0;0.0;29.0;0;0;750.0;10.5;2.0
67;0;3;278.0;1.0;19.0;0;0;849.0;8.1583;2.0
68;1;3;34.0;0.0;17.0;4;2;334.0;7.925;2.0
69;0;3;652.0;1.0;26.0;2;0;363.0;8.6625;2.0
70;0;2;587.0;1.0;32.0;0;0;757.0;10.5;2.0
71;0;3;459.0;0.0;16.0;5;2;777.0;46.9;2.0
72;0;2;558.0;1.0;21.0;0;0;847.0;73.5;2.0
73;0;3;236.0;1.0;26.0;1;0;275.0;14.4542;0.0
74;1;3;121.0;1.0;32.0;0;0;104.0;56.4958;2.0
75;0;3;809.0;1.0;25.0;0;0;481.0;7.65;2.0
76;0;3;1134.0;1.0;29.881137667304014;0;0;491.0;7.8958;2.0
77;0;3;828.0;1.0;29.881137667304014;0;0;650.0;8.05;2.0
78;1;2;184.0;1.0;0.83;0;2;211.0;29.0;2.0
79;1;3;343.0;0.0;30.0;0;0;593.0;12.475;2.0
80;0;3;1223.0;1.0;22.0;0;0;420.0;9.0;2.0
81;1;3;1081.0;1.0;29.0;0;0;430.0;9.5;2.0
82;1;3;774.0;0.0;29.881137667304014;0;0;382.0;7.7875;1.0
83;0;1;205.0;1.0;28.0;0;0;35.0;47.1;2.0
84;1;2;572.0;0.0;17.0;0;0;871.0;10.5;2.0
85;1;3;77.0;0.0;33.0;3;0;333.0;15.85;2.0
86;0;3;398.0;1.0;16.0;1;3;924.0;34.375;2.0
87;0;3;1110.0;1.0;29.881137667304014;0;0;894.0;8.05;2.0
88;1;1;403.0;0.0;23.0;3;2;123.0;263.0;2.0
89;0;3;218.0;1.0;24.0;0;0;411.0;8.05;2.0
90;0;3;233.0;1.0;29.0;0;0;412.0;8.05;2.0
91;0;3;42.0;1.0;20.0;0;0;471.0;7.8542;2.0
92;0;1;219.0;1.0;46.0;1;0;926.0;61.175;2.0
93;0;3;317.0;1.0;26.0;1;2;745.0;20.575;2.0
94;0;3;276.0;1.0;59.0;0;0;589.0;7.25;2.0
95;0;3;1085.0;1.0;29.881137667304014;0;0;652.0;8.05;2.0
96;0;1;449.0;1.0;71.0;0;0;830.0;34.6542;0.0
97;1;1;469.0;1.0;23.0;0;1;835.0;63.3583;0.0
98;1;2;337.0;0.0;34.0;0;1;149.0;23.0;2.0
99;0;2;620.0;1.0;34.0;1;0;199.0;26.0;2.0
100;0;3;958.0;0.0;28.0;0;0;528.0;7.8958;2.0
101;0;3;960.0;1.0;29.881137667304014;0;0;498.0;7.8958;2.0
102;0;1;1254.0;1.0;21.0;0;1;574.0;77.2875;2.0
103;0;3;596.0;1.0;33.0;0;0;693.0;8.6542;2.0
104;0;3;475.0;1.0;37.0;2;0;331.0;7.925;2.0
105;0;3;804.0;1.0;28.0;0;0;490.0;7.8958;2.0
106;1;3;1060.0;0.0;21.0;0;0;409.0;7.65;2.0
107;1;3;823.0;1.0;29.881137667304014;0;0;341.0;7.775;2.0
108;0;3;985.0;1.0;38.0;0;0;532.0;7.8958;2.0
109;1;3;816.0;0.0;29.881137667304014;1;0;646.0;24.15;1.0
110;0;1;974.0;1.0;47.0;0;0;2.0;52.0;2.0
111;0;3;1291.0;0.0;14.5;1;0;259.0;14.4542;0.0
112;0;3;95.0;1.0;22.0;0;0;370.0;8.05;2.0
113;0;3;615.0;0.0;20.0;1;0;674.0;9.825;2.0
114;0;3;70.0;0.0;17.0;0;0;235.0;14.4583;0.0
115;0;3;943.0;1.0;21.0;0;0;916.0;7.925;2.0
116;0;3;262.0;1.0;70.5;0;0;635.0;7.75;1.0
117;0;2;1203.0;1.0;29.0;1;0;69.0;21.0;2.0
118;0;1;98.0;1.0;24.0;0;1;800.0;247.5208;0.0
119;0;3;33.0;0.0;2.0;4;2;459.0;31.275;2.0
120;0;2;536.0;1.0;21.0;2;0;847.0;73.5;2.0
121;0;3;815.0;1.0;29.881137667304014;0;0;738.0;8.05;2.0
122;0;2;846.0;1.0;32.5;1;0;174.0;30.0708;0.0
123;1;2;1237.0;0.0;32.5;0;0;297.0;13.0;2.0
124;0;1;1253.0;1.0;54.0;0;1;574.0;77.2875;2.0
125;1;3;861.0;1.0;12.0;1;0;245.0;11.2417;0.0
126;0;3;781.0;1.0;29.881137667304014;0;0;638.0;7.75;1.0
127;1;3;738.0;1.0;24.0;0;0;770.0;7.1417;2.0
128;1;3;954.0;0.0;29.881137667304014;1;1;262.0;22.3583;0.0
129;0;3;364.0;1.0;45.0;0;0;438.0;6.975;2.0
130;0;3;347.0;1.0;33.0;0;0;524.0;7.8958;0.0
131;0;3;244.0;1.0;20.0;0;0;876.0;7.05;2.0
132;0;3;1012.0;0.0;47.0;1;0;723.0;14.5;2.0
133;1;2;1241.0;0.0;29.0;1;0;143.0;26.0;2.0
134;0;2;1123.0;1.0;25.0;0;0;749.0;13.0;2.0
135;0;2;998.0;1.0;23.0;0;0;857.0;15.0458;0.0
136;1;1;858.0;0.0;19.0;0;2;71.0;26.2833;2.0
137;0;1;421.0;1.0;37.0;1;0;65.0;53.1;2.0
138;0;3;904.0;1.0;16.0;0;0;691.0;9.2167;2.0
139;0;1;436.0;1.0;24.0;0;0;810.0;79.2;0.0
140;0;3;140.0;0.0;29.881137667304014;0;2;273.0;15.2458;0.0
141;1;3;875.0;0.0;22.0;0;0;458.0;7.75;2.0
142;1;3;483.0;0.0;24.0;1;0;904.0;15.85;2.0
143;0;3;170.0;1.0;19.0;0;0;602.0;6.75;1.0
144;0;2;43.0;1.0;18.0;0;0;150.0;11.5;2.0
145;0;2;859.0;1.0;19.0;1;1;758.0;36.75;2.0
146;1;3;39.0;1.0;27.0;0;0;553.0;7.7958;2.0
147;0;3;395.0;0.0;9.0;2;2;924.0;34.375;2.0
148;0;2;852.0;1.0;36.5;0;2;145.0;26.0;2.0
149;0;2;176.0;1.0;42.0;0;0;194.0;13.0;2.0
150;0;2;96.0;1.0;51.0;0;0;848.0;12.525;2.0
151;1;1;940.0;0.0;22.0;1;0;46.0;66.6;2.0
152;0;3;790.0;1.0;55.5;0;0;709.0;8.05;2.0
153;0;3;1305.0;1.0;40.5;0;2;724.0;14.5;2.0
154;0;3;895.0;1.0;29.881137667304014;0;0;786.0;7.3125;2.0
155;0;1;1270.0;1.0;51.0;0;1;814.0;61.3792;0.0
156;1;3;444.0;0.0;16.0;0;0;575.0;7.7333;1.0
157;0;3;270.0;1.0;30.0;0;0;896.0;8.05;2.0
158;0;3;1113.0;1.0;29.881137667304014;0;0;345.0;8.6625;2.0
159;0;3;1047.0;1.0;29.881137667304014;8;2;776.0;69.55;2.0
160;0;3;280.0;1.0;44.0;0;1;647.0;16.1;2.0
161;1;2;1236.0;0.0;40.0;0;0;759.0;15.75;2.0
162;0;3;114.0;1.0;26.0;0;0;445.0;7.775;2.0
163;0;3;187.0;1.0;17.0;0;0;357.0;8.6625;2.0
164;0;3;919.0;1.0;1.0;4;1;335.0;39.6875;2.0
165;1;3;450.0;1.0;9.0;0;2;583.0;20.525;2.0
166;1;1;230.0;0.0;29.881137667304014;0;1;38.0;55.0;2.0
167;0;3;1106.0;0.0;45.0;1;4;464.0;27.9;2.0
168;0;1;97.0;1.0;29.881137667304014;0;0;790.0;25.925;2.0
169;0;3;716.0;1.0;28.0;0;0;104.0;56.4958;2.0
170;0;1;1217.0;1.0;61.0;0;0;8.0;33.5;2.0
171;0;3;993.0;1.0;4.0;4;1;659.0;29.125;1.0
172;1;3;601.0;0.0;1.0;1;1;477.0;11.1333;2.0
173;0;3;1098.0;1.0;21.0;0;0;905.0;7.925;2.0
174;0;1;1115.0;1.0;56.0;0;0;115.0;30.6958;0.0
175;0;3;659.0;1.0;18.0;1;1;564.0;7.8542;2.0
176;0;3;687.0;1.0;29.881137667304014;3;1;671.0;25.4667;2.0
177;0;1;576.0;0.0;50.0;0;0;812.0;28.7125;0.0
178;0;2;484.0;1.0;30.0;0;0;225.0;13.0;2.0
179;0;3;699.0;1.0;36.0;0;0;787.0;0.0;2.0
180;0;3;1050.0;0.0;29.881137667304014;8;2;776.0;69.55;2.0
181;0;2;949.0;1.0;29.881137667304014;0;0;856.0;15.05;0.0
182;0;3;58.0;1.0;9.0;4;2;454.0;31.3875;2.0
183;1;2;106.0;1.0;1.0;2;1;146.0;39.0;2.0
184;1;3;653.0;0.0;4.0;0;2;365.0;22.025;2.0
185;0;1;1018.0;1.0;29.881137667304014;0;0;44.0;50.0;2.0
186;1;3;879.0;0.0;29.881137667304014;1;0;633.0;15.5;1.0
187;1;1;1016.0;1.0;45.0;0;0;14.0;26.55;2.0
188;0;3;142.0;1.0;40.0;1;1;596.0;15.5;1.0
189;0;3;1200.0;1.0;36.0;0;0;530.0;7.8958;2.0
190;1;2;968.0;0.0;32.0;0;0;156.0;13.0;2.0
191;0;2;197.0;1.0;19.0;0;0;310.0;13.0;2.0
192;1;3;29.0;0.0;19.0;1;0;555.0;7.8542;2.0
193;1;2;851.0;1.0;3.0;1;1;145.0;26.0;2.0
194;1;1;162.0;0.0;44.0;0;0;826.0;27.7208;0.0
195;1;1;732.0;0.0;58.0;0;0;802.0;146.5208;0.0
196;0;3;791.0;1.0;29.881137667304014;0;0;624.0;7.75;1.0
197;0;3;894.0;1.0;42.0;0;1;677.0;8.4042;2.0
198;1;3;736.0;0.0;29.881137667304014;0;0;636.0;7.75;1.0
199;0;2;1290.0;0.0;24.0;0;0;215.0;13.0;2.0
200;0;3;1210.0;1.0;28.0;0;0;423.0;9.5;2.0
201;0;3;1054.0;1.0;29.881137667304014;8;2;776.0;69.55;2.0
202;0;3;594.0;1.0;34.0;0;0;327.0;6.4958;2.0
203;0;3;1287.0;1.0;45.5;0;0;236.0;7.225;0.0
204;1;3;245.0;1.0;18.0;0;0;734.0;8.05;2.0
205;0;3;1153.0;0.0;2.0;0;1;436.0;10.4625;2.0
206;0;3;76.0;1.0;32.0;1;0;333.0;15.85;2.0
207;1;3;15.0;1.0;26.0;0;0;294.0;18.7875;0.0
208;1;3;203.0;0.0;16.0;0;0;613.0;7.75;1.0
209;1;1;131.0;1.0;40.0;0;0;21.0;31.0;0.0
210;0;3;19.0;1.0;24.0;0;0;880.0;7.05;2.0
211;1;2;189.0;0.0;35.0;0;0;781.0;21.0;2.0
212;0;3;948.0;1.0;22.0;0;0;729.0;7.25;2.0
213;0;2;445.0;1.0;30.0;0;0;218.0;13.0;2.0
214;0;3;647.0;1.0;29.881137667304014;1;0;611.0;7.75;1.0
215;1;1;855.0;0.0;31.0;1;0;573.0;113.275;0.0
216;1;3;557.0;0.0;27.0;0;0;907.0;7.925;2.0
217;0;2;579.0;1.0;42.0;1;0;189.0;27.0;2.0
218;1;1;100.0;0.0;32.0;0;0;81.0;76.2917;0.0
219;0;2;505.0;1.0;30.0;0;0;927.0;10.5;2.0
220;1;3;1155.0;1.0;16.0;0;0;895.0;8.05;2.0
221;0;2;148.0;1.0;27.0;0;0;136.0;13.0;2.0
222;0;3;467.0;1.0;51.0;0;0;133.0;8.05;2.0
223;0;3;853.0;1.0;29.881137667304014;0;0;517.0;7.8958;2.0
224;1;1;564.0;1.0;38.0;1;0;121.0;90.0;2.0
225;0;3;116.0;1.0;22.0;0;0;838.0;9.35;2.0
226;1;2;789.0;1.0;19.0;0;0;918.0;10.5;2.0
227;0;3;727.0;1.0;20.5;0;0;728.0;7.25;2.0
228;0;2;377.0;1.0;18.0;0;0;160.0;13.0;2.0
229;0;3;690.0;0.0;29.881137667304014;3;1;671.0;25.4667;2.0
230;1;1;506.0;0.0;35.0;1;0;630.0;83.475;2.0
231;0;3;682.0;1.0;29.0;0;0;444.0;7.775;2.0
232;0;2;1100.0;1.0;59.0;0;0;167.0;13.5;2.0
233;1;3;61.0;0.0;5.0;4;2;454.0;31.3875;2.0
234;0;2;704.0;1.0;24.0;0;0;751.0;10.5;2.0
235;0;3;496.0;0.0;29.881137667304014;0;0;925.0;7.55;2.0
236;0;2;550.0;1.0;44.0;1;0;265.0;26.0;2.0
237;1;2;253.0;0.0;8.0;0;2;756.0;26.25;2.0
238;0;2;947.0;1.0;19.0;0;0;314.0;10.5;2.0
239;0;2;568.0;1.0;33.0;0;0;870.0;12.275;2.0
240;0;3;1292.0;0.0;29.881137667304014;1;0;259.0;14.4542;0.0
241;1;3;833.0;0.0;29.881137667304014;1;0;612.0;15.5;1.0
242;0;2;249.0;1.0;29.0;0;0;921.0;10.5;2.0
243;0;3;739.0;1.0;22.0;0;0;903.0;7.125;2.0
244;0;3;71.0;1.0;30.0;0;0;289.0;7.225;0.0
245;0;1;799.0;1.0;44.0;2;0;120.0;90.0;1.0
246;0;3;706.0;0.0;25.0;0;0;448.0;7.775;2.0
247;1;2;486.0;0.0;24.0;0;2;221.0;14.5;2.0
248;1;1;110.0;1.0;37.0;1;1;70.0;52.5542;2.0
249;0;2;212.0;1.0;54.0;1;0;191.0;26.0;2.0
250;0;3;983.0;1.0;29.881137667304014;0;0;581.0;7.25;2.0
251;0;3;1154.0;0.0;29.0;1;1;436.0;10.4625;2.0
252;0;1;1139.0;1.0;62.0;0;0;41.0;26.55;2.0
253;0;3;719.0;1.0;30.0;1;0;722.0;16.1;2.0
254;0;3;1021.0;0.0;41.0;0;2;632.0;20.2125;2.0
255;1;3;1195.0;0.0;29.0;0;2;244.0;15.2458;0.0
256;1;1;1181.0;0.0;29.881137667304014;0;0;806.0;79.2;0.0
257;1;1;228.0;0.0;30.0;0;0;0.0;86.5;2.0
258;1;1;1226.0;0.0;35.0;0;0;831.0;512.3292;0.0
259;1;2;928.0;0.0;50.0;0;1;147.0;26.0;2.0
260;0;3;1118.0;1.0;29.881137667304014;0;0;664.0;7.75;1.0
261;1;3;59.0;1.0;3.0;4;2;454.0;31.3875;2.0
262;0;1;1166.0;1.0;52.0;1;1;1.0;79.65;2.0
263;0;1;507.0;1.0;40.0;0;0;20.0;0.0;2.0
264;0;3;528.0;0.0;29.881137667304014;0;0;656.0;7.75;1.0
265;0;2;984.0;1.0;36.0;0;0;743.0;10.5;2.0
266;0;3;922.0;1.0;16.0;4;1;335.0;39.6875;2.0
267;1;3;951.0;1.0;25.0;1;0;460.0;7.775;2.0
268;1;1;466.0;0.0;58.0;0;1;805.0;153.4625;2.0
269;1;1;127.0;0.0;35.0;0;0;836.0;135.6333;2.0
270;0;1;182.0;1.0;29.881137667304014;0;0;62.0;31.0;2.0
271;1;3;1191.0;1.0;25.0;0;0;787.0;0.0;2.0
272;1;2;788.0;0.0;41.0;0;1;217.0;19.5;2.0
273;0;1;848.0;1.0;37.0;0;1;813.0;29.7;0.0
274;1;3;519.0;0.0;29.881137667304014;0;0;641.0;7.75;1.0
275;1;1;45.0;0.0;63.0;1;0;92.0;77.9583;2.0
276;0;3;707.0;0.0;45.0;0;0;450.0;7.75;2.0
277;0;2;926.0;1.0;29.881137667304014;0;0;178.0;0.0;2.0
278;0;3;994.0;1.0;7.0;4;1;659.0;29.125;1.0
279;1;3;3.0;0.0;35.0;1;1;748.0;20.25;2.0
280;0;3;351.0;1.0;65.0;0;0;399.0;7.75;1.0
281;0;3;897.0;1.0;28.0;0;0;469.0;7.8542;2.0
282;0;3;1300.0;1.0;16.0;0;0;429.0;9.5;2.0
283;1;3;339.0;1.0;19.0;0;0;719.0;8.05;2.0
284;0;1;1117.0;1.0;29.881137667304014;0;0;34.0;26.0;2.0
285;0;3;1135.0;1.0;33.0;0;0;522.0;8.6625;0.0
286;1;3;1299.0;1.0;30.0;0;0;426.0;9.5;2.0
287;0;3;838.0;1.0;22.0;0;0;489.0;7.8958;2.0
288;1;2;560.0;1.0;42.0;0;0;176.0;13.0;2.0
289;1;3;261.0;0.0;22.0;0;0;639.0;7.75;1.0
290;1;1;92.0;0.0;26.0;0;0;118.0;78.85;2.0
291;1;1;126.0;0.0;19.0;1;0;82.0;91.0792;0.0
292;0;2;702.0;1.0;36.0;0;0;867.0;12.875;0.0
293;0;3;478.0;0.0;24.0;0;0;519.0;8.85;2.0
294;0;3;802.0;1.0;24.0;0;0;516.0;7.8958;2.0
295;0;1;703.0;1.0;29.881137667304014;0;0;828.0;27.7208;0.0
296;0;3;488.0;1.0;23.5;0;0;288.0;7.2292;0.0
297;0;1;24.0;0.0;2.0;1;2;49.0;151.55;2.0
298;1;1;1043.0;1.0;29.881137667304014;0;0;126.0;30.5;2.0
299;1;1;99.0;0.0;50.0;0;1;800.0;247.5208;0.0
300;1;3;636.0;0.0;29.881137667304014;0;0;704.0;7.75;1.0
301;1;3;771.0;1.0;29.881137667304014;2;0;608.0;23.25;1.0
302;0;3;604.0;1.0;19.0;0;0;787.0;0.0;2.0
303;1;2;631.0;0.0;29.881137667304014;0;0;141.0;12.35;1.0
304;0;3;1272.0;1.0;29.881137667304014;0;0;731.0;8.05;2.0
305;1;1;23.0;1.0;0.92;1;2;49.0;151.55;2.0
306;1;1;387.0;0.0;29.881137667304014;0;0;107.0;110.8833;0.0
307;1;1;946.0;0.0;17.0;1;0;834.0;108.9;0.0
308;0;2;6.0;1.0;30.0;1;0;789.0;24.0;0.0
309;1;1;409.0;0.0;30.0;0;0;798.0;56.9292;0.0
310;1;1;515.0;0.0;24.0;0;0;75.0;83.1583;0.0
311;1;1;1036.0;0.0;18.0;2;2;824.0;262.375;0.0
312;0;2;667.0;0.0;26.0;1;1;223.0;26.0;2.0
313;0;3;526.0;1.0;28.0;0;0;526.0;7.8958;2.0
314;0;2;509.0;1.0;43.0;1;1;782.0;26.25;2.0
315;1;3;866.0;0.0;26.0;0;0;475.0;7.8542;2.0
316;1;2;621.0;0.0;24.0;1;0;199.0;26.0;2.0
317;0;2;819.0;1.0;54.0;0;0;316.0;14.0;2.0
318;1;1;1256.0;0.0;31.0;0;2;626.0;164.8667;2.0
319;1;1;1129.0;0.0;40.0;1;1;105.0;134.5;0.0
320;0;3;323.0;1.0;22.0;0;0;727.0;7.25;2.0
321;0;3;300.0;1.0;27.0;0;0;502.0;7.8958;2.0
322;1;2;1108.0;0.0;30.0;0;0;158.0;12.35;1.0
323;1;2;186.0;0.0;22.0;1;1;211.0;29.0;2.0
324;0;3;1055.0;1.0;29.881137667304014;8;2;776.0;69.55;2.0
325;1;1;1286.0;0.0;36.0;0;0;836.0;135.6333;0.0
326;0;3;876.0;1.0;61.0;0;0;413.0;6.2375;2.0
327;1;2;87.0;0.0;36.0;0;0;312.0;13.0;2.0
328;1;3;453.0;0.0;31.0;1;1;583.0;20.525;2.0
329;1;1;540.0;0.0;16.0;0;1;10.0;57.9792;0.0
330;1;3;769.0;0.0;29.881137667304014;2;0;608.0;23.25;1.0
331;0;1;929.0;1.0;45.5;0;0;28.0;28.5;2.0
332;0;1;465.0;1.0;38.0;0;1;805.0;153.4625;2.0
333;0;3;1215.0;1.0;16.0;2;0;418.0;18.0;2.0
334;1;1;414.0;0.0;29.881137667304014;1;0;827.0;133.65;2.0
335;0;3;322.0;1.0;29.881137667304014;0;0;508.0;7.8958;2.0
336;0;1;939.0;1.0;29.0;1;0;46.0;66.6;2.0
337;1;1;171.0;0.0;41.0;0;0;105.0;134.5;0.0
338;1;3;289.0;1.0;45.0;0;0;699.0;8.05;2.0
339;0;1;130.0;1.0;45.0;0;0;51.0;35.5;2.0
340;1;2;850.0;1.0;2.0;1;1;145.0;26.0;2.0
341;1;1;401.0;0.0;24.0;3;2;123.0;263.0;2.0
342;0;2;250.0;1.0;28.0;0;0;212.0;13.0;2.0
343;0;2;1076.0;1.0;25.0;0;0;198.0;13.0;2.0
344;0;2;408.0;1.0;36.0;0;0;144.0;13.0;2.0
345;1;2;159.0;0.0;24.0;0;0;209.0;13.0;2.0
346;1;2;1114.0;0.0;40.0;0;0;344.0;13.0;2.0
347;1;3;313.0;0.0;29.881137667304014;1;0;665.0;16.1;2.0
348;1;3;274.0;1.0;3.0;1;1;764.0;15.9;2.0
349;0;3;330.0;1.0;42.0;0;0;352.0;8.6625;2.0
350;0;3;889.0;1.0;23.0;0;0;690.0;9.225;2.0
351;0;1;1275.0;1.0;29.881137667304014;0;0;40.0;35.0;2.0
352;0;3;368.0;1.0;15.0;1;1;290.0;7.2292;0.0
353;0;3;51.0;1.0;25.0;1;0;520.0;17.8;2.0
354;0;3;1288.0;1.0;29.881137667304014;0;0;241.0;7.225;0.0
355;0;3;1211.0;1.0;28.0;0;0;433.0;9.5;2.0
356;1;1;147.0;0.0;22.0;0;1;38.0;55.0;2.0
357;0;2;420.0;0.0;38.0;0;0;171.0;13.0;2.0
358;1;3;777.0;0.0;29.881137667304014;0;0;381.0;7.8792;1.0
359;1;3;808.0;0.0;29.881137667304014;0;0;391.0;7.8792;1.0
360;0;3;1105.0;1.0;40.0;1;4;464.0;27.9;2.0
361;0;2;1301.0;1.0;29.0;1;0;864.0;27.7208;0.0
362;0;3;91.0;0.0;45.0;0;1;286.0;14.4542;0.0
363;0;3;56.0;1.0;35.0;0;0;879.0;7.05;2.0
364;0;3;877.0;1.0;29.881137667304014;1;0;633.0;15.5;1.0
365;0;3;10.0;1.0;30.0;0;0;773.0;7.25;2.0
366;1;1;1233.0;0.0;60.0;1;0;6.0;75.25;0.0
367;1;3;827.0;0.0;29.881137667304014;0;0;234.0;7.2292;0.0
368;1;3;591.0;0.0;29.881137667304014;0;0;102.0;7.75;1.0
369;1;1;72.0;0.0;24.0;0;0;795.0;69.3;0.0
370;1;1;494.0;1.0;25.0;1;0;74.0;55.4417;0.0
371;0;3;1263.0;1.0;18.0;1;0;330.0;6.4958;2.0
372;0;3;105.0;1.0;19.0;0;0;369.0;8.05;2.0
373;0;1;1004.0;1.0;22.0;0;0;836.0;135.6333;0.0
374;0;3;916.0;0.0;3.0;3;1;541.0;21.075;2.0
375;1;1;794.0;0.0;29.881137667304014;1;0;820.0;82.1708;0.0
376;1;3;674.0;0.0;22.0;0;0;774.0;7.25;2.0
377;0;1;1261.0;1.0;27.0;0;2;37.0;211.5;0.0
378;0;3;119.0;1.0;20.0;0;0;242.0;4.0125;0.0
379;0;3;477.0;1.0;19.0;0;0;446.0;7.775;2.0
380;1;1;120.0;0.0;42.0;0;0;833.0;227.525;0.0
381;1;3;840.0;0.0;1.0;0;2;247.0;15.7417;0.0
382;0;3;1184.0;1.0;32.0;0;0;915.0;7.925;2.0
383;1;1;555.0;0.0;35.0;1;0;55.0;52.0;2.0
384;0;3;969.0;1.0;29.881137667304014;0;0;510.0;7.8958;2.0
385;0;2;306.0;1.0;18.0;0;0;847.0;73.5;2.0
386;0;3;456.0;1.0;1.0;5;2;777.0;46.9;2.0
387;1;2;173.0;0.0;36.0;0;0;298.0;13.0;2.0
388;0;3;1044.0;1.0;29.881137667304014;0;0;615.0;7.7292;1.0
389;1;2;692.0;0.0;17.0;0;0;869.0;12.0;0.0
390;1;1;209.0;1.0;36.0;1;2;43.0;120.0;2.0
391;1;3;582.0;1.0;21.0;0;0;549.0;7.7958;2.0
392;0;3;476.0;1.0;28.0;2;0;332.0;7.925;2.0
393;1;1;856.0;0.0;23.0;1;0;573.0;113.275;0.0
394;1;3;1068.0;0.0;24.0;0;2;839.0;16.7;2.0
395;0;3;595.0;1.0;22.0;0;0;559.0;7.7958;2.0
396;0;3;896.0;0.0;31.0;0;0;567.0;7.8542;2.0
397;0;2;780.0;1.0;46.0;0;0;308.0;26.0;2.0
398;0;2;912.0;1.0;23.0;0;0;193.0;10.5;2.0
399;1;2;1197.0;0.0;28.0;0;0;186.0;12.65;2.0
400;1;3;869.0;1.0;39.0;0;0;911.0;7.925;2.0
401;0;3;11.0;1.0;26.0;0;0;402.0;8.05;2.0
402;0;3;616.0;0.0;21.0;1;0;675.0;9.825;2.0
403;0;3;482.0;1.0;28.0;1;0;904.0;15.85;2.0
404;0;3;902.0;0.0;20.0;0;0;360.0;8.6625;2.0
405;0;2;425.0;1.0;34.0;1;0;313.0;21.0;2.0
406;0;3;1259.0;1.0;51.0;0;0;441.0;7.75;2.0
407;1;2;1000.0;1.0;3.0;1;1;321.0;18.75;2.0
408;0;3;123.0;1.0;21.0;0;0;342.0;7.775;2.0
409;0;3;688.0;0.0;29.881137667304014;3;1;671.0;25.4667;2.0
410;0;3;1075.0;1.0;29.881137667304014;0;0;505.0;7.8958;2.0
411;0;3;510.0;1.0;29.881137667304014;0;0;670.0;6.8583;1.0
412;1;1;800.0;0.0;33.0;1;0;120.0;90.0;1.0
413;0;2;287.0;1.0;29.881137667304014;0;0;178.0;0.0;2.0
414;1;3;1156.0;1.0;44.0;0;0;898.0;7.925;2.0
415;0;3;786.0;0.0;29.881137667304014;0;0;408.0;8.05;2.0
416;1;2;350.0;0.0;34.0;1;1;305.0;32.5;2.0
417;1;2;1087.0;0.0;18.0;0;2;224.0;13.0;2.0
418;0;2;762.0;1.0;30.0;0;0;307.0;13.0;2.0
419;0;3;1206.0;0.0;10.0;0;2;425.0;24.15;2.0
420;0;3;433.0;1.0;29.881137667304014;0;0;537.0;7.8958;0.0
421;0;3;226.0;1.0;21.0;0;0;720.0;7.7333;1.0
422;0;3;1295.0;1.0;29.0;0;0;346.0;7.875;2.0
423;0;3;297.0;0.0;28.0;1;1;457.0;14.4;2.0
424;0;3;1020.0;1.0;18.0;1;1;632.0;20.2125;2.0
425;0;3;1279.0;1.0;29.881137667304014;0;0;713.0;7.25;2.0
426;1;2;241.0;0.0;28.0;1;0;128.0;26.0;2.0
427;1;2;965.0;0.0;19.0;0;0;226.0;26.0;2.0
428;0;3;388.0;1.0;29.881137667304014;0;0;598.0;7.75;1.0
429;1;3;967.0;1.0;32.0;0;0;884.0;8.05;2.0
430;1;1;129.0;1.0;28.0;0;0;5.0;26.55;2.0
431;1;3;1183.0;0.0;29.881137667304014;1;0;654.0;16.1;2.0
432;1;2;726.0;0.0;42.0;1;0;854.0;26.0;2.0
433;0;3;618.0;1.0;17.0;0;0;902.0;7.125;2.0
434;0;1;1089.0;1.0;50.0;1;0;93.0;55.9;2.0
435;1;1;208.0;0.0;14.0;1;2;43.0;120.0;2.0
436;0;3;394.0;0.0;21.0;2;2;924.0;34.375;2.0
437;1;2;1001.0;0.0;24.0;2;3;321.0;18.75;2.0
438;0;1;405.0;1.0;64.0;1;4;123.0;263.0;2.0
439;0;2;665.0;1.0;31.0;0;0;744.0;10.5;2.0
440;1;2;511.0;0.0;45.0;1;1;782.0;26.25;2.0
441;0;3;487.0;1.0;20.0;0;0;422.0;9.5;2.0
442;0;3;961.0;1.0;25.0;1;0;453.0;7.775;2.0
443;1;2;989.0;0.0;28.0;0;0;148.0;13.0;2.0
444;1;3;593.0;1.0;29.881137667304014;0;0;683.0;8.1125;2.0
445;1;1;333.0;1.0;4.0;0;2;398.0;81.8583;2.0
446;1;2;787.0;0.0;13.0;0;1;217.0;19.5;2.0
447;1;1;1078.0;1.0;34.0;0;0;59.0;26.55;2.0
448;1;3;80.0;0.0;5.0;2;1;260.0;19.2583;0.0
449;1;1;963.0;1.0;52.0;0;0;52.0;30.5;2.0
450;0;2;1248.0;1.0;36.0;1;2;763.0;27.75;2.0
451;0;3;480.0;1.0;29.881137667304014;1;0;680.0;19.9667;2.0
452;0;1;400.0;1.0;30.0;0;0;31.0;27.75;0.0
453;1;1;447.0;1.0;49.0;1;0;108.0;89.1042;0.0
454;0;3;942.0;1.0;29.881137667304014;0;0;732.0;8.05;2.0
455;1;3;581.0;1.0;29.0;0;0;523.0;7.8958;0.0
456;0;1;797.0;1.0;65.0;0;0;95.0;26.55;2.0
457;1;1;643.0;0.0;29.881137667304014;1;0;110.0;51.8625;2.0
458;1;2;1188.0;0.0;50.0;0;0;783.0;10.5;2.0
459;0;3;881.0;1.0;29.881137667304014;0;0;644.0;7.75;1.0
460;1;1;30.0;1.0;48.0;0;0;124.0;26.55;2.0
461;0;3;821.0;1.0;34.0;0;0;590.0;8.05;2.0
462;0;1;431.0;1.0;47.0;0;0;9.0;38.5;2.0
463;0;2;798.0;1.0;48.0;0;0;155.0;13.0;2.0
464;0;3;744.0;1.0;29.881137667304014;0;0;737.0;8.05;2.0
465;0;3;454.0;1.0;38.0;0;0;875.0;7.05;2.0
466;0;2;190.0;1.0;29.881137667304014;0;0;178.0;0.0;2.0
467;0;1;1112.0;1.0;56.0;0;0;58.0;26.55;2.0
468;0;3;1072.0;1.0;29.881137667304014;0;0;580.0;7.725;1.0
469;1;3;79.0;0.0;0.75;2;1;260.0;19.2583;0.0
470;0;3;634.0;1.0;29.881137667304014;0;0;368.0;7.25;2.0
471;0;3;181.0;1.0;38.0;0;0;353.0;8.6625;2.0
472;1;2;1249.0;0.0;33.0;1;2;763.0;27.75;2.0
473;1;2;592.0;0.0;23.0;0;0;855.0;13.7917;0.0
474;0;3;1148.0;0.0;22.0;0;0;698.0;9.8375;2.0
475;0;1;243.0;1.0;29.881137667304014;0;0;2.0;52.0;2.0
476;0;2;986.0;1.0;34.0;1;0;339.0;21.0;2.0
477;0;3;154.0;1.0;29.0;1;0;434.0;7.0458;2.0
478;0;3;625.0;1.0;22.0;0;0;562.0;7.5208;2.0
479;1;3;542.0;0.0;2.0;0;1;338.0;12.2875;2.0
480;0;3;455.0;1.0;9.0;5;2;777.0;46.9;2.0
481;0;2;418.0;1.0;29.881137667304014;0;0;179.0;0.0;2.0
482;0;3;1029.0;1.0;50.0;0;0;735.0;8.05;2.0
483;1;3;1202.0;0.0;63.0;0;0;672.0;9.5875;2.0
484;1;1;125.0;1.0;25.0;1;0;82.0;91.0792;0.0
485;0;3;689.0;0.0;29.881137667304014;3;1;671.0;25.4667;2.0
486;1;1;566.0;0.0;35.0;1;0;121.0;90.0;2.0
487;0;1;641.0;1.0;58.0;0;0;78.0;29.7;0.0
488;0;3;1125.0;1.0;30.0;0;0;710.0;8.05;2.0
489;1;3;273.0;1.0;9.0;1;1;764.0;15.9;2.0
490;0;3;481.0;1.0;29.881137667304014;1;0;681.0;19.9667;2.0
491;0;3;1277.0;1.0;21.0;0;0;890.0;7.25;2.0
492;0;1;810.0;1.0;55.0;0;0;53.0;30.5;2.0
493;0;1;54.0;1.0;71.0;0;0;825.0;49.5042;0.0
494;0;3;1137.0;1.0;21.0;0;0;716.0;8.05;2.0
495;0;3;1289.0;1.0;29.881137667304014;0;0;235.0;14.4583;0.0
496;1;1;374.0;0.0;54.0;1;0;627.0;78.2667;0.0
497;0;3;1082.0;1.0;29.881137667304014;0;0;768.0;15.1;2.0
498;0;1;26.0;0.0;25.0;1;2;49.0;151.55;2.0
499;0;3;1161.0;1.0;24.0;0;0;550.0;7.7958;2.0
500;0;3;188.0;1.0;17.0;0;0;350.0;8.6625;2.0
501;0;3;191.0;0.0;21.0;0;0;594.0;7.75;1.0
502;0;3;888.0;0.0;29.881137667304014;0;0;374.0;7.6292;1.0
503;0;3;669.0;0.0;37.0;0;0;673.0;9.5875;2.0
504;1;1;743.0;0.0;16.0;0;0;0.0;86.5;2.0
505;0;1;945.0;1.0;18.0;1;0;834.0;108.9;0.0
506;1;2;979.0;0.0;33.0;0;2;239.0;26.0;2.0
507;1;1;150.0;1.0;29.881137667304014;0;0;13.0;26.55;2.0
508;0;3;893.0;1.0;28.0;0;0;771.0;22.525;2.0
509;1;3;676.0;1.0;26.0;0;0;104.0;56.4958;2.0
510;1;3;293.0;1.0;29.0;0;0;658.0;7.75;1.0
511;0;3;1238.0;1.0;29.881137667304014;0;0;889.0;8.05;2.0
512;1;1;776.0;1.0;36.0;0;0;791.0;26.2875;2.0
513;1;1;1028.0;0.0;54.0;1;0;819.0;59.4;0.0
514;0;3;248.0;1.0;24.0;0;0;492.0;7.4958;2.0
515;0;1;1225.0;1.0;47.0;0;0;629.0;34.0208;2.0
516;1;2;696.0;0.0;34.0;0;0;761.0;10.5;2.0
517;0;3;1034.0;1.0;29.881137667304014;0;0;646.0;24.15;1.0
518;1;2;49.0;0.0;36.0;1;0;142.0;26.0;2.0
519;0;3;933.0;1.0;32.0;0;0;525.0;7.8958;2.0
520;1;1;950.0;0.0;30.0;0;0;86.0;93.5;2.0
521;0;3;1222.0;1.0;22.0;0;0;535.0;7.8958;2.0
522;0;3;666.0;1.0;29.881137667304014;0;0;232.0;7.225;0.0
523;1;1;541.0;0.0;44.0;0;1;10.0;57.9792;0.0
524;0;3;629.0;1.0;29.881137667304014;0;0;295.0;7.2292;0.0
525;0;3;378.0;1.0;40.5;0;0;614.0;7.75;1.0
526;1;2;1002.0;0.0;50.0;0;0;919.0;10.5;2.0
527;0;1;379.0;1.0;29.881137667304014;0;0;797.0;221.7792;2.0
528;0;3;1062.0;1.0;39.0;0;0;336.0;7.925;2.0
529;0;2;545.0;1.0;23.0;2;1;319.0;11.5;2.0
530;1;2;977.0;0.0;2.0;1;1;239.0;26.0;2.0
531;0;3;1192.0;1.0;29.881137667304014;0;0;240.0;7.2292;0.0
532;0;3;367.0;1.0;17.0;1;1;285.0;7.2292;0.0
533;1;3;955.0;0.0;29.881137667304014;0;2;262.0;22.3583;0.0
534;0;3;179.0;0.0;30.0;0;0;348.0;8.6625;2.0
535;1;2;508.0;0.0;7.0;0;2;782.0;26.25;2.0
536;0;1;175.0;1.0;45.0;0;0;30.0;26.55;2.0
537;1;1;684.0;0.0;30.0;0;0;837.0;106.425;0.0
538;0;3;1007.0;1.0;29.881137667304014;0;0;587.0;14.5;2.0
539;1;1;415.0;0.0;22.0;0;2;97.0;49.5;0.0
540;1;1;282.0;0.0;36.0;0;2;928.0;71.0;2.0
541;0;3;36.0;0.0;9.0;4;2;459.0;31.275;2.0
542;0;3;37.0;0.0;11.0;4;2;459.0;31.275;2.0
543;1;2;101.0;1.0;32.0;1;0;317.0;26.0;2.0
544;0;1;340.0;1.0;50.0;1;0;837.0;106.425;0.0
545;0;1;860.0;1.0;64.0;0;0;686.0;26.0;2.0
546;1;2;102.0;0.0;19.0;1;0;317.0;26.0;2.0
547;1;2;911.0;1.0;29.881137667304014;0;0;858.0;13.8625;0.0
548;0;3;451.0;1.0;33.0;1;1;583.0;20.525;2.0
549;1;2;304.0;1.0;8.0;1;1;758.0;36.75;2.0
550;1;1;1172.0;1.0;17.0;0;2;107.0;110.8833;0.0
551;0;2;1079.0;1.0;27.0;0;0;196.0;26.0;2.0
552;0;3;878.0;1.0;29.881137667304014;0;0;390.0;7.8292;1.0
553;1;3;686.0;1.0;22.0;0;0;228.0;7.225;0.0
554;1;3;890.0;0.0;22.0;0;0;461.0;7.775;2.0
555;0;1;1283.0;1.0;62.0;0;0;68.0;26.55;2.0
556;1;1;352.0;0.0;48.0;1;0;73.0;39.6;0.0
557;0;1;1009.0;1.0;29.881137667304014;0;0;833.0;227.525;0.0
558;1;1;1167.0;0.0;39.0;1;1;1.0;79.65;2.0
559;1;3;1298.0;0.0;36.0;1;0;416.0;17.4;2.0
560;0;3;822.0;1.0;29.881137667304014;0;0;648.0;7.75;1.0
561;0;3;1097.0;1.0;40.0;0;0;534.0;7.8958;2.0
562;0;2;870.0;1.0;28.0;0;0;134.0;13.5;2.0
563;0;3;1091.0;1.0;29.881137667304014;0;0;892.0;8.05;2.0
564;0;3;785.0;0.0;29.881137667304014;0;0;885.0;8.05;2.0
565;0;3;305.0;1.0;24.0;2;0;717.0;24.15;2.0
566;0;3;1147.0;1.0;19.0;0;0;488.0;7.8958;2.0
567;0;3;918.0;0.0;29.0;0;4;541.0;21.075;2.0
568;0;3;335.0;1.0;29.881137667304014;0;0;281.0;7.2292;0.0
569;1;3;612.0;1.0;32.0;0;0;572.0;7.8542;2.0
570;1;2;503.0;1.0;62.0;0;0;850.0;10.5;2.0
571;1;1;50.0;0.0;53.0;2;0;76.0;51.4792;2.0
572;1;1;390.0;1.0;36.0;0;0;792.0;26.3875;2.0
573;1;3;637.0;0.0;29.881137667304014;0;0;101.0;7.75;1.0
574;0;3;1032.0;1.0;16.0;0;0;712.0;8.05;2.0
575;0;3;931.0;1.0;19.0;0;0;577.0;14.5;2.0
576;1;2;428.0;0.0;34.0;0;0;190.0;13.0;2.0
577;1;1;1090.0;0.0;39.0;1;0;93.0;55.9;2.0
578;0;3;196.0;0.0;29.881137667304014;1;0;284.0;14.4583;0.0
579;1;3;617.0;1.0;32.0;0;0;909.0;7.925;2.0
580;1;2;234.0;0.0;25.0;1;1;175.0;30.0;2.0
581;1;1;1173.0;0.0;39.0;1;1;107.0;110.8833;0.0
582;0;2;344.0;1.0;54.0;0;0;308.0;26.0;2.0
583;0;1;1024.0;1.0;36.0;0;0;87.0;40.125;0.0
584;0;3;932.0;1.0;29.881137667304014;0;0;401.0;8.7125;0.0
585;1;1;1165.0;0.0;18.0;0;2;1.0;79.65;2.0
586;0;2;584.0;1.0;47.0;0;0;168.0;15.0;2.0
587;1;1;416.0;1.0;60.0;1;1;96.0;79.2;0.0
588;0;3;441.0;1.0;22.0;0;0;103.0;8.05;2.0
589;0;3;832.0;1.0;29.881137667304014;0;0;706.0;8.05;2.0
590;0;3;1005.0;1.0;35.0;0;0;901.0;7.125;2.0
591;1;1;1142.0;0.0;52.0;1;0;627.0;78.2667;0.0
592;0;3;369.0;1.0;47.0;0;0;736.0;7.25;2.0
593;0;3;141.0;0.0;29.881137667304014;0;2;595.0;7.75;1.0
594;0;2;224.0;1.0;37.0;1;0;853.0;26.0;2.0
595;0;3;1207.0;1.0;36.0;1;1;425.0;24.15;2.0
596;1;2;694.0;0.0;29.881137667304014;0;0;207.0;33.0;2.0
597;0;3;602.0;1.0;49.0;0;0;787.0;0.0;2.0
598;0;3;139.0;1.0;29.881137667304014;0;0;258.0;7.225;0.0
599;1;1;353.0;1.0;49.0;1;0;798.0;56.9292;0.0
600;1;2;580.0;0.0;24.0;2;1;189.0;27.0;2.0
601;0;3;1107.0;1.0;29.881137667304014;0;0;497.0;7.8958;2.0
602;0;1;502.0;1.0;29.881137667304014;0;0;61.0;42.4;2.0
603;0;3;1189.0;1.0;44.0;0;0;591.0;8.05;2.0
604;1;1;556.0;1.0;35.0;0;0;12.0;26.55;0.0
605;0;3;709.0;1.0;36.0;1;0;542.0;15.55;2.0
606;0;3;622.0;1.0;30.0;0;0;529.0;7.8958;2.0
607;1;1;298.0;1.0;27.0;0;0;66.0;30.5;2.0
608;1;2;680.0;0.0;22.0;1;2;866.0;41.5792;0.0
609;1;1;1086.0;0.0;40.0;0;0;805.0;153.4625;2.0
610;0;3;41.0;0.0;39.0;1;5;459.0;31.275;2.0
611;0;3;583.0;1.0;29.881137667304014;0;0;874.0;7.05;2.0
612;1;3;834.0;0.0;29.881137667304014;1;0;612.0;15.5;1.0
613;0;3;559.0;1.0;29.881137667304014;0;0;643.0;7.75;1.0
614;0;3;158.0;1.0;35.0;0;0;592.0;8.05;2.0
615;1;2;529.0;0.0;24.0;1;2;138.0;65.0;2.0
616;0;3;296.0;1.0;34.0;1;1;457.0;14.4;2.0
617;0;3;720.0;0.0;26.0;1;0;722.0;16.1;2.0
618;1;2;107.0;0.0;4.0;2;1;146.0;39.0;2.0
619;0;2;430.0;1.0;26.0;0;0;340.0;10.5;2.0
620;0;3;1284.0;1.0;27.0;1;0;253.0;14.4542;0.0
621;1;1;649.0;1.0;42.0;1;0;72.0;52.5542;2.0
622;1;3;841.0;1.0;20.0;1;1;247.0;15.7417;0.0
623;0;3;491.0;1.0;21.0;0;0;547.0;7.8542;2.0
624;0;3;145.0;1.0;21.0;0;0;678.0;16.1;2.0
625;0;1;1158.0;1.0;61.0;0;0;628.0;32.3208;2.0
626;0;2;656.0;1.0;57.0;0;0;135.0;12.35;1.0
627;1;1;723.0;0.0;21.0;0;0;92.0;77.9583;2.0
628;0;3;135.0;1.0;26.0;0;0;507.0;7.8958;2.0
629;0;3;880.0;1.0;29.881137667304014;0;0;392.0;7.7333;1.0
630;1;1;93.0;1.0;80.0;0;0;296.0;30.0;2.0
631;0;3;729.0;1.0;51.0;0;0;478.0;7.0542;2.0
632;1;1;1133.0;1.0;32.0;0;0;90.0;30.5;0.0
633;0;1;927.0;1.0;29.881137667304014;0;0;17.0;0.0;2.0
634;0;3;1103.0;0.0;9.0;3;2;464.0;27.9;2.0
635;1;2;311.0;0.0;28.0;0;0;169.0;13.0;2.0
636;0;3;693.0;1.0;32.0;0;0;914.0;7.925;2.0
637;0;2;254.0;1.0;31.0;1;1;756.0;26.25;2.0
638;0;3;924.0;0.0;41.0;0;5;335.0;39.6875;2.0
639;0;3;1182.0;1.0;29.881137667304014;1;0;654.0;16.1;2.0
640;0;3;588.0;1.0;20.0;0;0;558.0;7.8542;2.0
641;1;1;1058.0;0.0;24.0;0;0;795.0;69.3;0.0
642;0;3;1104.0;0.0;2.0;3;2;464.0;27.9;2.0
643;1;3;393.0;1.0;29.881137667304014;0;0;104.0;56.4958;2.0
644;1;3;78.0;0.0;0.75;2;1;260.0;19.2583;0.0
645;1;1;499.0;1.0;48.0;1;0;803.0;76.7292;0.0
646;0;3;267.0;1.0;19.0;0;0;514.0;7.8958;2.0
647;1;1;1092.0;1.0;56.0;0;0;89.0;35.5;0.0
648;0;3;1269.0;1.0;29.881137667304014;0;0;845.0;7.55;2.0
649;1;3;1136.0;0.0;23.0;0;0;775.0;7.55;2.0
650;0;3;806.0;1.0;29.881137667304014;0;0;504.0;7.8958;2.0
651;1;2;336.0;0.0;18.0;0;1;149.0;23.0;2.0
652;0;3;619.0;1.0;21.0;0;0;702.0;8.4333;2.0
653;1;3;887.0;0.0;29.881137667304014;0;0;377.0;7.8292;1.0
654;0;3;522.0;0.0;18.0;0;0;603.0;6.75;1.0
655;0;2;534.0;1.0;24.0;2;0;847.0;73.5;2.0
656;0;3;980.0;1.0;29.881137667304014;0;0;506.0;7.8958;2.0
657;0;3;143.0;0.0;32.0;1;1;596.0;15.5;1.0
658;0;2;362.0;1.0;23.0;0;0;326.0;13.0;2.0
659;0;1;857.0;1.0;58.0;0;2;573.0;113.275;0.0
660;1;1;412.0;1.0;50.0;2;0;827.0;133.65;2.0
661;0;3;83.0;1.0;40.0;0;0;231.0;7.225;0.0
662;0;1;252.0;1.0;47.0;0;0;679.0;25.5875;2.0
663;0;3;247.0;1.0;36.0;0;0;493.0;7.4958;2.0
664;1;3;711.0;1.0;20.0;1;0;908.0;7.925;2.0
665;0;2;535.0;1.0;32.0;2;0;847.0;73.5;2.0
666;0;2;174.0;1.0;25.0;0;0;157.0;13.0;2.0
667;0;3;1017.0;1.0;29.881137667304014;0;0;343.0;7.775;2.0
668;0;3;263.0;1.0;43.0;0;0;733.0;8.05;2.0
669;1;1;1169.0;0.0;29.881137667304014;1;0;127.0;52.0;2.0
670;1;2;164.0;0.0;40.0;1;1;325.0;39.0;2.0
671;0;1;302.0;1.0;31.0;1;0;779.0;52.0;2.0
672;0;2;805.0;1.0;70.0;0;0;747.0;10.5;2.0
673;1;2;1265.0;1.0;31.0;0;0;192.0;13.0;2.0
674;0;2;1234.0;1.0;29.881137667304014;0;0;181.0;0.0;2.0
675;0;3;361.0;1.0;18.0;0;0;544.0;7.775;2.0
676;0;3;1071.0;1.0;24.5;0;0;407.0;8.05;2.0
677;1;3;1201.0;0.0;18.0;0;0;676.0;9.8417;2.0
678;0;3;462.0;0.0;43.0;1;6;777.0;46.9;2.0
679;1;1;198.0;1.0;36.0;0;1;831.0;512.3292;0.0
680;0;3;956.0;0.0;29.881137667304014;0;0;383.0;8.1375;1.0
681;1;1;512.0;1.0;27.0;0;0;803.0;76.7292;0.0
682;0;3;899.0;1.0;20.0;0;0;684.0;9.225;2.0
683;0;3;460.0;1.0;14.0;5;2;777.0;46.9;2.0
684;0;2;161.0;1.0;60.0;1;1;325.0;39.0;2.0
685;0;2;679.0;1.0;25.0;1;2;866.0;41.5792;0.0
686;0;3;923.0;1.0;14.0;4;1;335.0;39.6875;2.0
687;0;3;291.0;1.0;19.0;0;0;511.0;10.1708;2.0
688;0;3;384.0;1.0;18.0;0;0;551.0;7.7958;2.0
689;1;1;737.0;0.0;15.0;0;1;187.0;211.3375;2.0
690;1;1;327.0;1.0;31.0;1;0;113.0;57.0;2.0
691;1;3;627.0;0.0;4.0;0;1;539.0;13.4167;0.0
692;1;3;671.0;1.0;29.881137667304014;0;0;104.0;56.4958;2.0
693;0;3;1041.0;1.0;25.0;0;0;267.0;7.225;0.0
694;0;1;1239.0;1.0;60.0;0;0;63.0;26.55;2.0
695;0;2;223.0;1.0;52.0;0;0;208.0;13.5;2.0
696;0;3;638.0;1.0;44.0;0;0;585.0;8.05;2.0
697;1;3;830.0;0.0;29.881137667304014;0;0;576.0;7.7333;1.0
698;0;1;1171.0;1.0;49.0;1;1;107.0;110.8833;0.0
699;0;3;567.0;1.0;42.0;0;0;479.0;7.65;2.0
700;1;1;69.0;0.0;18.0;1;0;833.0;227.525;0.0
701;1;1;1088.0;1.0;35.0;0;0;793.0;26.2875;2.0
702;0;3;90.0;0.0;18.0;0;1;286.0;14.4542;0.0
703;0;3;426.0;1.0;25.0;0;0;620.0;7.7417;1.0
704;0;3;490.0;1.0;26.0;1;0;545.0;7.8542;2.0
705;0;2;820.0;1.0;39.0;0;0;226.0;26.0;2.0
706;1;2;639.0;0.0;45.0;0;0;140.0;13.5;2.0
707;1;1;183.0;1.0;42.0;0;0;794.0;26.2875;2.0
708;1;1;242.0;0.0;22.0;0;0;49.0;151.55;2.0
709;1;3;825.0;1.0;29.881137667304014;1;1;255.0;15.2458;0.0
710;1;1;764.0;0.0;24.0;0;0;796.0;49.5042;0.0
711;0;1;657.0;1.0;29.881137667304014;0;0;26.0;26.55;2.0
712;1;1;1168.0;1.0;48.0;1;0;127.0;52.0;2.0
713;0;3;681.0;1.0;29.0;0;0;694.0;9.4833;2.0
714;0;2;468.0;1.0;52.0;0;0;219.0;13.0;2.0
715;0;3;1124.0;1.0;19.0;0;0;482.0;7.65;2.0
716;1;1;373.0;0.0;38.0;0;0;833.0;227.525;0.0
717;1;2;1198.0;0.0;27.0;0;0;403.0;10.5;2.0
718;0;3;775.0;1.0;29.881137667304014;0;0;606.0;15.5;1.0
719;0;3;603.0;1.0;33.0;0;0;439.0;7.775;2.0
720;1;2;498.0;0.0;6.0;0;1;207.0;33.0;2.0
721;0;3;590.0;1.0;17.0;1;0;557.0;7.0542;2.0
722;0;2;443.0;1.0;34.0;0;0;84.0;13.0;2.0
723;0;2;548.0;1.0;50.0;0;0;216.0;13.0;2.0
724;1;1;221.0;1.0;27.0;1;0;67.0;53.1;2.0
725;0;3;903.0;1.0;20.0;0;0;358.0;8.6625;2.0
726;1;2;987.0;0.0;30.0;3;0;339.0;21.0;2.0
727;1;3;753.0;0.0;29.881137667304014;0;0;622.0;7.7375;1.0
728;0;2;166.0;1.0;25.0;1;0;162.0;26.0;2.0
729;0;3;575.0;0.0;25.0;1;0;900.0;7.925;2.0
730;1;1;21.0;0.0;29.0;0;0;187.0;211.3375;2.0
731;0;3;513.0;1.0;11.0;0;0;294.0;18.7875;0.0
732;0;2;661.0;1.0;29.881137667304014;0;0;180.0;0.0;2.0
733;0;2;117.0;1.0;23.0;0;0;311.0;13.0;2.0
734;0;2;1196.0;1.0;23.0;0;0;152.0;13.0;2.0
735;0;3;1273.0;1.0;28.5;0;0;678.0;16.1;2.0
736;0;3;399.0;0.0;48.0;1;3;924.0;34.375;2.0
737;1;1;701.0;1.0;35.0;0;0;831.0;512.3292;0.0
738;0;3;578.0;1.0;29.881137667304014;0;0;484.0;7.8958;2.0
739;0;3;844.0;1.0;29.881137667304014;0;0;501.0;7.8958;2.0
740;1;1;514.0;1.0;29.881137667304014;0;0;106.0;30.0;2.0
741;0;1;216.0;1.0;36.0;1;0;118.0;78.85;2.0
742;1;1;1037.0;0.0;21.0;2;2;824.0;262.375;0.0
743;0;3;782.0;1.0;24.0;1;0;655.0;16.1;2.0
744;1;3;1149.0;1.0;31.0;0;0;910.0;7.925;2.0
745;0;1;281.0;1.0;70.0;1;1;928.0;71.0;2.0
746;0;3;2.0;1.0;16.0;1;1;748.0;20.25;2.0
747;1;2;1094.0;0.0;30.0;0;0;220.0;13.0;2.0
748;0;1;758.0;1.0;19.0;1;0;45.0;53.1;2.0
749;0;3;260.0;1.0;31.0;0;0;395.0;7.75;1.0
750;1;2;1243.0;0.0;4.0;1;1;318.0;23.0;2.0
751;1;3;812.0;1.0;6.0;0;1;669.0;12.475;2.0
752;0;3;1209.0;1.0;33.0;0;0;431.0;9.5;2.0
753;0;3;611.0;1.0;23.0;0;0;487.0;7.8958;2.0
754;1;2;532.0;0.0;48.0;1;2;138.0;65.0;2.0
755;1;2;485.0;1.0;0.67;1;1;221.0;14.5;2.0
756;0;3;200.0;1.0;28.0;0;0;552.0;7.7958;2.0
757;0;2;84.0;1.0;18.0;0;0;323.0;11.5;2.0
758;0;3;1174.0;1.0;34.0;0;0;584.0;8.05;2.0
759;1;1;1026.0;0.0;33.0;0;0;0.0;86.5;2.0
760;0;3;427.0;1.0;29.881137667304014;0;0;577.0;14.5;2.0
761;0;3;868.0;1.0;41.0;0;0;886.0;7.125;2.0
762;1;3;89.0;1.0;20.0;0;0;257.0;7.2292;0.0
763;1;1;211.0;0.0;36.0;1;2;43.0;120.0;2.0
764;0;3;363.0;1.0;16.0;0;0;451.0;7.775;2.0
765;1;1;549.0;0.0;51.0;1;0;92.0;77.9583;2.0
766;0;1;156.0;1.0;29.881137667304014;0;0;24.0;39.6;0.0
767;0;3;751.0;0.0;30.5;0;0;597.0;7.75;1.0
768;0;3;817.0;1.0;29.881137667304014;1;0;646.0;24.15;1.0
769;0;3;471.0;1.0;32.0;0;0;701.0;8.3625;2.0
770;0;3;705.0;1.0;24.0;0;0;432.0;9.5;2.0
771;0;3;589.0;1.0;48.0;0;0;556.0;7.8542;2.0
772;0;2;735.0;0.0;57.0;0;0;844.0;10.5;2.0
773;0;3;365.0;1.0;29.881137667304014;0;0;269.0;7.225;0.0
774;1;2;547.0;0.0;54.0;1;3;320.0;23.0;2.0
775;0;3;836.0;1.0;18.0;0;0;455.0;7.75;2.0
776;0;3;1185.0;1.0;29.881137667304014;0;0;661.0;7.75;1.0
777;1;3;370.0;0.0;5.0;0;0;593.0;12.475;2.0
778;0;3;648.0;1.0;29.881137667304014;0;0;621.0;7.7375;1.0
779;1;1;1010.0;0.0;43.0;0;1;187.0;211.3375;2.0
780;1;3;74.0;0.0;13.0;0;0;282.0;7.2292;0.0
781;1;1;328.0;0.0;17.0;1;0;113.0;57.0;2.0
782;0;1;722.0;1.0;29.0;0;0;36.0;30.0;2.0
783;0;3;608.0;1.0;29.881137667304014;1;2;923.0;23.45;2.0
784;0;3;20.0;1.0;25.0;0;0;881.0;7.05;2.0
785;0;3;497.0;1.0;25.0;0;0;651.0;7.25;2.0
786;1;3;1099.0;0.0;18.0;0;0;328.0;7.4958;2.0
787;0;3;996.0;1.0;8.0;4;1;659.0;29.125;1.0
788;1;3;315.0;1.0;1.0;1;2;745.0;20.575;2.0
789;0;1;473.0;1.0;46.0;0;0;810.0;79.2;0.0
790;0;3;632.0;1.0;29.881137667304014;0;0;85.0;7.75;1.0
791;0;2;429.0;1.0;16.0;0;0;182.0;26.0;2.0
792;0;3;1052.0;0.0;29.881137667304014;8;2;776.0;69.55;2.0
793;0;1;565.0;1.0;29.881137667304014;0;0;817.0;30.6958;0.0
794;0;3;301.0;1.0;25.0;0;0;486.0;7.8958;2.0
795;0;2;908.0;1.0;39.0;0;0;304.0;13.0;2.0
796;1;1;685.0;0.0;49.0;0;0;111.0;25.9292;2.0
797;1;3;905.0;0.0;31.0;0;0;527.0;8.6833;2.0
798;0;3;570.0;1.0;30.0;0;0;280.0;7.2292;0.0
799;0;3;1208.0;0.0;30.0;1;1;425.0;24.15;2.0
800;0;2;972.0;1.0;34.0;0;0;219.0;13.0;2.0
801;1;2;255.0;0.0;31.0;1;1;756.0;26.25;2.0
802;1;1;207.0;1.0;11.0;1;2;43.0;120.0;2.0
803;1;3;1175.0;1.0;0.42;0;1;233.0;8.5167;0.0
804;1;3;520.0;1.0;27.0;0;0;465.0;6.975;2.0
805;0;3;597.0;1.0;31.0;0;0;440.0;7.775;2.0
806;0;1;46.0;1.0;39.0;0;0;15.0;0.0;2.0
807;0;3;962.0;0.0;18.0;0;0;463.0;7.775;2.0
808;0;2;792.0;1.0;39.0;0;0;205.0;13.0;2.0
809;1;1;222.0;0.0;33.0;1;0;67.0;53.1;2.0
810;0;3;17.0;1.0;26.0;0;0;468.0;7.8875;2.0
811;0;3;700.0;1.0;39.0;0;0;717.0;24.15;2.0
812;0;2;1109.0;1.0;35.0;0;0;303.0;10.5;2.0
813;0;3;32.0;0.0;6.0;4;2;459.0;31.275;2.0
814;0;3;1187.0;1.0;30.5;0;0;588.0;8.05;2.0
815;0;1;419.0;1.0;29.881137667304014;0;0;19.0;0.0;2.0
816;0;3;524.0;0.0;23.0;0;0;912.0;7.925;2.0
817;0;2;748.0;1.0;31.0;1;1;841.0;37.0042;0.0
818;0;3;552.0;1.0;43.0;0;0;772.0;6.45;2.0
819;0;3;1102.0;1.0;10.0;3;2;464.0;27.9;2.0
820;1;1;517.0;0.0;52.0;1;1;86.0;93.5;2.0
821;1;3;728.0;1.0;27.0;0;0;362.0;8.6625;2.0
822;0;1;988.0;1.0;38.0;0;0;125.0;0.0;2.0
823;1;3;813.0;0.0;27.0;0;1;669.0;12.475;2.0
824;0;3;921.0;1.0;2.0;4;1;335.0;39.6875;2.0
825;0;3;389.0;1.0;29.881137667304014;0;0;616.0;6.95;1.0
826;0;3;672.0;1.0;29.881137667304014;0;0;104.0;56.4958;2.0
827;1;2;747.0;1.0;1.0;0;2;841.0;37.0042;0.0
828;1;3;768.0;1.0;29.881137667304014;0;0;610.0;7.75;1.0
829;1;1;1145.0;0.0;62.0;0;0;42.0;80.0;2.0
830;1;3;1285.0;0.0;15.0;1;0;253.0;14.4542;0.0
831;1;2;999.0;1.0;0.83;1;1;321.0;18.75;2.0
832;0;3;1040.0;1.0;29.881137667304014;0;0;266.0;7.2292;0.0
833;0;3;73.0;1.0;23.0;0;0;473.0;7.8542;2.0
834;0;3;27.0;1.0;18.0;0;0;139.0;8.3;2.0
835;1;1;256.0;0.0;39.0;1;1;832.0;83.1583;0.0
836;0;3;930.0;1.0;21.0;0;0;361.0;8.6625;2.0
837;0;3;1096.0;1.0;29.881137667304014;0;0;667.0;8.05;2.0
838;1;3;231.0;1.0;32.0;0;0;104.0;56.4958;2.0
839;1;1;755.0;1.0;29.881137667304014;0;0;79.0;29.7;0.0
840;0;3;18.0;1.0;20.0;0;0;888.0;7.925;2.0
841;0;2;829.0;1.0;16.0;0;0;844.0;10.5;2.0
842;1;1;1077.0;0.0;30.0;0;0;62.0;31.0;0.0
843;0;3;695.0;1.0;34.5;0;0;278.0;6.4375;0.0
844;0;3;284.0;1.0;17.0;0;0;354.0;8.6625;2.0
845;0;3;0.0;1.0;42.0;0;0;767.0;7.55;2.0
846;0;3;1053.0;1.0;29.881137667304014;8;2;776.0;69.55;2.0
847;0;3;756.0;1.0;35.0;0;0;496.0;7.8958;0.0
848;0;2;501.0;1.0;28.0;0;1;207.0;33.0;2.0
849;1;1;448.0;0.0;29.881137667304014;1;0;108.0;89.1042;0.0
850;0;3;31.0;1.0;4.0;4;2;459.0;31.275;2.0
851;0;3;1159.0;1.0;74.0;0;0;437.0;7.775;2.0
852;0;3;138.0;0.0;9.0;1;1;273.0;15.2458;0.0
853;1;1;714.0;0.0;16.0;0;1;809.0;39.4;2.0
854;0;2;210.0;0.0;44.0;1;0;191.0;26.0;2.0
855;1;3;14.0;0.0;18.0;0;1;666.0;9.35;2.0
856;1;1;1258.0;0.0;45.0;1;1;626.0;164.8667;2.0
857;1;1;294.0;1.0;51.0;0;0;33.0;26.55;2.0
858;1;3;81.0;0.0;24.0;0;3;260.0;19.2583;0.0
859;0;3;982.0;1.0;29.881137667304014;0;0;237.0;7.2292;0.0
860;0;3;489.0;1.0;41.0;2;0;546.0;14.1083;2.0
861;0;2;439.0;1.0;21.0;1;0;302.0;11.5;2.0
862;1;1;1164.0;0.0;48.0;0;0;112.0;25.9292;2.0
863;0;3;1051.0;0.0;29.881137667304014;8;2;776.0;69.55;2.0
864;0;2;442.0;1.0;24.0;0;0;154.0;13.0;2.0
865;1;2;177.0;0.0;42.0;0;0;161.0;13.0;2.0
866;1;2;356.0;0.0;27.0;1;0;861.0;13.8583;0.0
867;0;1;1013.0;1.0;31.0;0;0;807.0;50.4958;2.0
868;0;3;1306.0;1.0;29.881137667304014;0;0;428.0;9.5;2.0
869;1;3;600.0;1.0;4.0;1;1;477.0;11.1333;2.0
870;0;3;86.0;1.0;26.0;0;0;531.0;7.8958;2.0
871;1;1;111.0;0.0;47.0;1;1;70.0;52.5542;2.0
872;0;1;202.0;1.0;33.0;0;0;688.0;5.0;2.0
873;0;3;1212.0;1.0;47.0;0;0;419.0;9.0;2.0
874;1;2;7.0;0.0;28.0;1;0;789.0;24.0;0.0
875;1;3;839.0;0.0;15.0;0;0;261.0;7.225;0.0
876;0;3;474.0;1.0;20.0;0;0;691.0;9.8458;2.0
877;0;3;959.0;1.0;19.0;0;0;495.0;7.8958;2.0
878;0;3;670.0;1.0;29.881137667304014;0;0;500.0;7.8958;2.0
879;1;1;975.0;0.0;56.0;0;1;75.0;83.1583;0.0
880;1;2;1083.0;0.0;25.0;0;1;147.0;26.0;2.0
881;0;3;757.0;1.0;33.0;0;0;540.0;7.8958;2.0
882;0;3;290.0;0.0;22.0;0;0;697.0;10.5167;2.0
883;0;2;88.0;1.0;28.0;0;0;741.0;10.5;2.0
884;0;3;1157.0;1.0;25.0;0;0;891.0;7.05;2.0
885;0;3;997.0;0.0;39.0;0;5;659.0;29.125;1.0
886;0;2;811.0;1.0;27.0;0;0;130.0;13.0;2.0
887;1;1;464.0;0.0;19.0;0;0;18.0;30.0;2.0
888;0;3;607.0;0.0;29.881137667304014;1;2;923.0;23.45;2.0
889;1;1;113.0;1.0;26.0;0;0;11.0;30.0;0.0
890;0;3;338.0;1.0;32.0;0;0;642.0;7.75;1.0
891;0;3;638.0;1.0;34.5;0;0;376.0;7.8292;1.0
892;1;3;1266.0;0.0;47.0;1;0;582.0;7.0;2.0
893;0;2;837.0;1.0;62.0;0;0;184.0;9.6875;1.0
894;0;3;1278.0;1.0;27.0;0;0;366.0;8.6625;2.0
895;1;3;543.0;0.0;22.0;1;1;338.0;12.2875;2.0
896;0;3;1160.0;1.0;14.0;0;0;692.0;9.225;2.0
897;1;3;261.0;0.0;30.0;0;0;389.0;7.6292;1.0
898;0;2;185.0;1.0;26.0;1;1;211.0;29.0;2.0
899;1;3;9.0;0.0;18.0;0;0;251.0;7.2292;0.0
900;0;3;308.0;1.0;21.0;2;0;717.0;24.15;2.0
901;0;3;573.0;1.0;29.881137667304014;0;0;503.0;7.8958;2.0
902;0;1;610.0;1.0;46.0;0;0;687.0;26.0;2.0
903;1;1;1122.0;0.0;23.0;1;0;131.0;82.2667;2.0
904;0;2;562.0;1.0;63.0;1;0;185.0;26.0;2.0
905;1;1;220.0;0.0;47.0;1;0;926.0;61.175;2.0
906;1;2;1302.0;0.0;24.0;1;0;864.0;27.7208;0.0
907;0;2;633.0;1.0;35.0;0;0;153.0;12.35;1.0
908;0;3;65.0;1.0;21.0;0;0;287.0;7.225;0.0
909;1;3;574.0;0.0;27.0;1;0;899.0;7.925;2.0
910;1;3;66.0;0.0;45.0;0;0;291.0;7.225;0.0
911;0;1;1027.0;1.0;55.0;1;0;819.0;59.4;0.0
912;0;3;892.0;1.0;9.0;0;1;769.0;3.1708;2.0
913;1;1;385.0;0.0;29.881137667304014;0;0;815.0;31.6833;2.0
914;0;1;1274.0;1.0;21.0;0;1;814.0;61.3792;0.0
915;1;1;1039.0;0.0;48.0;1;3;824.0;262.375;0.0
916;0;3;1011.0;1.0;50.0;1;0;723.0;14.5;2.0
917;1;1;906.0;0.0;22.0;0;1;39.0;61.9792;0.0
918;0;3;288.0;1.0;22.5;0;0;293.0;7.225;0.0
919;0;1;151.0;1.0;41.0;0;0;32.0;30.5;2.0
920;0;3;1063.0;1.0;29.881137667304014;2;0;256.0;21.6792;0.0
921;0;2;725.0;1.0;50.0;1;0;854.0;26.0;2.0
922;0;2;585.0;1.0;24.0;2;0;754.0;31.5;2.0
923;1;3;318.0;0.0;33.0;1;2;745.0;20.575;2.0
924;1;3;609.0;0.0;29.881137667304014;1;2;923.0;23.45;2.0
925;0;1;807.0;1.0;30.0;1;0;91.0;57.75;0.0
926;0;3;630.0;1.0;18.5;0;0;277.0;7.2292;0.0
927;1;3;1025.0;0.0;29.881137667304014;0;0;406.0;8.05;2.0
928;1;3;178.0;0.0;21.0;0;0;351.0;8.6625;2.0
929;0;3;1069.0;1.0;25.0;0;0;421.0;9.5;2.0
930;0;3;521.0;1.0;29.881137667304014;0;0;104.0;56.4958;2.0
931;0;3;628.0;1.0;39.0;0;1;539.0;13.4167;0.0
932;0;1;411.0;1.0;29.881137667304014;0;0;47.0;26.55;2.0
933;0;3;452.0;1.0;41.0;0;0;873.0;7.85;2.0
934;1;2;268.0;0.0;30.0;0;0;165.0;13.0;2.0
935;1;1;650.0;0.0;45.0;1;0;72.0;52.5542;2.0
936;0;3;944.0;1.0;25.0;0;0;913.0;7.925;2.0
937;0;1;229.0;1.0;45.0;0;0;811.0;29.7;0.0
938;0;3;1080.0;1.0;29.881137667304014;0;0;640.0;7.75;1.0
939;1;1;169.0;0.0;60.0;0;0;81.0;76.2917;0.0
940;1;3;275.0;0.0;36.0;0;2;764.0;15.9;2.0
941;0;1;1116.0;1.0;24.0;1;0;98.0;60.0;2.0
942;0;2;976.0;1.0;27.0;0;0;865.0;15.0333;0.0
943;1;2;544.0;0.0;20.0;2;1;320.0;23.0;2.0
944;1;1;402.0;0.0;28.0;3;2;123.0;263.0;2.0
945;0;2;752.0;1.0;29.881137667304014;0;0;851.0;15.5792;0.0
946;0;3;992.0;1.0;10.0;4;1;659.0;29.125;1.0
947;0;3;265.0;1.0;35.0;0;0;513.0;7.8958;2.0
948;0;3;5.0;1.0;25.0;0;0;480.0;7.65;2.0
949;0;3;312.0;1.0;29.881137667304014;1;0;665.0;16.1;2.0
950;1;1;227.0;0.0;36.0;0;0;824.0;262.375;0.0
951;0;3;329.0;1.0;17.0;0;0;515.0;7.8958;2.0
952;0;2;772.0;1.0;32.0;0;0;164.0;13.5;2.0
953;0;3;128.0;1.0;18.0;0;0;466.0;7.75;2.0
954;1;3;149.0;0.0;22.0;0;0;393.0;7.725;1.0
955;0;1;1035.0;1.0;13.0;2;2;824.0;262.375;0.0
956;1;2;269.0;0.0;29.881137667304014;0;0;784.0;21.0;2.0
957;1;3;172.0;0.0;18.0;0;0;386.0;7.8792;1.0
958;0;1;814.0;1.0;47.0;0;0;61.0;42.4;2.0
959;0;1;1199.0;1.0;31.0;0;0;227.0;28.5375;0.0
960;1;1;406.0;0.0;60.0;1;4;123.0;263.0;2.0
961;1;3;831.0;0.0;24.0;0;0;660.0;7.75;1.0
962;0;3;803.0;1.0;21.0;0;0;494.0;7.8958;2.0
963;1;3;863.0;0.0;29.0;0;0;337.0;7.925;2.0
964;0;1;909.0;1.0;28.5;0;0;801.0;27.7208;0.0
965;1;1;432.0;0.0;35.0;0;0;37.0;211.5;0.0
966;0;1;635.0;1.0;32.5;0;0;37.0;211.5;0.0
967;0;3;796.0;1.0;29.881137667304014;0;0;578.0;8.05;2.0
968;1;1;271.0;0.0;55.0;2;0;77.0;25.7;2.0
969;0;2;16.0;1.0;30.0;0;0;213.0;13.0;2.0
970;1;3;345.0;0.0;24.0;0;0;623.0;7.75;1.0
971;0;3;137.0;1.0;6.0;1;1;273.0;15.2458;0.0
972;0;1;1150.0;1.0;67.0;1;0;797.0;221.7792;2.0
973;0;1;214.0;1.0;49.0;0;0;119.0;26.0;2.0
974;0;3;320.0;1.0;29.881137667304014;0;0;521.0;7.8958;2.0
975;0;2;673.0;1.0;29.881137667304014;0;0;183.0;10.7083;1.0
976;0;3;644.0;1.0;29.881137667304014;1;0;254.0;14.4542;0.0
977;1;3;94.0;0.0;27.0;0;0;372.0;7.8792;1.0
978;1;3;82.0;0.0;18.0;0;0;715.0;8.05;2.0
979;1;3;883.0;0.0;29.881137667304014;0;0;599.0;7.75;1.0
980;0;2;1242.0;1.0;2.0;1;1;318.0;23.0;2.0
981;1;3;359.0;0.0;22.0;1;0;449.0;13.9;2.0
982;0;3;941.0;1.0;29.881137667304014;0;0;414.0;7.775;2.0
983;1;1;303.0;0.0;27.0;1;2;779.0;52.0;2.0
984;0;3;472.0;1.0;29.881137667304014;0;0;653.0;8.05;2.0
985;0;1;124.0;1.0;25.0;0;0;99.0;26.0;0.0
986;0;3;1170.0;1.0;25.0;0;0;548.0;7.7958;2.0
987;1;1;217.0;0.0;76.0;1;0;118.0;78.85;2.0
988;0;3;745.0;1.0;29.0;0;0;897.0;7.925;2.0
989;1;3;152.0;0.0;20.0;0;0;476.0;7.8542;2.0
990;0;3;843.0;1.0;33.0;0;0;707.0;8.05;2.0
991;1;1;1141.0;0.0;43.0;1;0;80.0;55.4417;0.0
992;0;2;1240.0;1.0;27.0;1;0;143.0;26.0;2.0
993;0;3;392.0;1.0;29.881137667304014;0;0;604.0;7.75;1.0
994;0;3;599.0;1.0;26.0;0;0;447.0;7.775;2.0
995;1;3;1179.0;0.0;16.0;1;1;233.0;8.5167;0.0
996;0;3;553.0;1.0;28.0;0;0;771.0;22.525;2.0
997;0;3;168.0;1.0;21.0;0;0;378.0;7.8208;1.0
998;0;3;1033.0;1.0;29.881137667304014;0;0;663.0;7.75;1.0
999;0;3;1268.0;1.0;29.881137667304014;0;0;400.0;8.7125;2.0
1000;0;2;1162.0;1.0;18.5;0;0;210.0;13.0;2.0
1001;0;2;1138.0;1.0;41.0;0;0;172.0;15.0458;0.0
1002;1;3;1084.0;0.0;29.881137667304014;0;0;387.0;7.7792;1.0
1003;1;1;375.0;0.0;36.0;0;0;799.0;31.6792;0.0
1004;1;3;167.0;0.0;18.5;0;0;371.0;7.2833;1.0
1005;1;1;1151.0;0.0;63.0;1;0;797.0;221.7792;2.0
1006;0;3;237.0;1.0;18.0;1;0;275.0;14.4542;0.0
1007;0;3;1177.0;1.0;29.881137667304014;0;0;276.0;6.4375;0.0
1008;1;3;1066.0;0.0;1.0;1;1;839.0;16.7;2.0
1009;0;1;103.0;1.0;36.0;0;0;88.0;75.2417;0.0
1010;1;2;225.0;0.0;29.0;1;0;853.0;26.0;2.0
1011;1;2;1235.0;0.0;12.0;0;0;759.0;15.75;2.0
1012;0;3;646.0;1.0;29.881137667304014;1;0;609.0;7.75;1.0
1013;1;1;1073.0;0.0;35.0;1;0;91.0;57.75;0.0
1014;0;3;213.0;1.0;28.0;0;0;668.0;7.25;2.0
1015;0;3;640.0;1.0;29.881137667304014;0;0;625.0;7.75;1.0
1016;1;3;279.0;0.0;17.0;0;1;647.0;16.1;2.0
1017;0;3;157.0;1.0;22.0;0;0;554.0;7.7958;2.0
1018;1;3;770.0;0.0;29.881137667304014;2;0;608.0;23.25;1.0
1019;0;2;146.0;1.0;42.0;0;0;129.0;13.0;2.0
1020;0;3;957.0;1.0;24.0;0;0;404.0;8.05;2.0
1021;0;3;1132.0;1.0;32.0;0;0;917.0;8.05;2.0
1022;0;1;463.0;1.0;53.0;0;0;48.0;28.5;0.0
1023;1;3;691.0;0.0;29.881137667304014;0;4;671.0;25.4667;2.0
1024;0;3;1176.0;1.0;29.881137667304014;1;0;229.0;6.4375;0.0
1025;0;3;331.0;1.0;43.0;0;0;509.0;7.8958;2.0
1026;0;3;201.0;1.0;24.0;0;0;569.0;7.8542;2.0
1027;0;3;1293.0;1.0;26.5;0;0;250.0;7.225;0.0
1028;0;2;1074.0;1.0;26.0;0;0;202.0;13.0;2.0
1029;1;3;346.0;0.0;23.0;0;0;893.0;8.05;2.0
1030;0;3;461.0;1.0;40.0;1;6;777.0;46.9;2.0
1031;1;3;458.0;0.0;10.0;5;2;777.0;46.9;2.0
1032;1;1;299.0;0.0;33.0;0;0;49.0;151.55;2.0
1033;0;1;1038.0;1.0;61.0;1;3;824.0;262.375;0.0
1034;0;2;104.0;1.0;28.0;0;0;196.0;26.0;2.0
1035;0;1;708.0;1.0;42.0;0;0;114.0;26.55;2.0
1036;0;3;1214.0;1.0;31.0;3;0;417.0;18.0;2.0
1037;0;1;537.0;1.0;29.881137667304014;0;0;109.0;51.8625;2.0
1038;0;3;307.0;1.0;22.0;0;0;852.0;8.05;2.0
1039;0;1;277.0;1.0;29.881137667304014;0;0;57.0;26.55;2.0
1040;0;2;668.0;1.0;30.0;1;1;223.0;26.0;2.0
1041;1;1;360.0;0.0;23.0;0;1;75.0;83.1583;0.0
1042;0;3;761.0;1.0;29.881137667304014;0;0;538.0;7.8958;0.0
1043;0;3;1146.0;1.0;60.5;0;0;631.0;33.29547928134557;2.0
1044;1;3;660.0;0.0;36.0;0;2;565.0;12.1833;2.0
1045;0;3;60.0;1.0;13.0;4;2;454.0;31.3875;2.0
1046;0;3;355.0;1.0;24.0;0;0;846.0;7.55;2.0
1047;1;1;122.0;0.0;29.0;0;0;797.0;221.7792;2.0
1048;1;3;730.0;0.0;23.0;0;0;474.0;7.8542;2.0
1049;0;1;134.0;1.0;42.0;0;0;4.0;26.55;2.0
1050;1;3;937.0;0.0;26.0;0;2;883.0;13.775;2.0
1051;1;3;1120.0;0.0;29.881137667304014;0;0;396.0;7.7333;1.0
1052;0;3;1193.0;1.0;7.0;1;1;244.0;15.2458;0.0
1053;1;2;1282.0;0.0;26.0;0;0;137.0;13.5;2.0
1054;0;3;938.0;1.0;29.881137667304014;0;0;410.0;7.0;2.0
1055;0;2;952.0;1.0;41.0;0;0;166.0;13.0;2.0
1056;1;3;655.0;0.0;26.0;1;1;365.0;22.025;2.0
1057;0;1;153.0;1.0;48.0;0;0;808.0;50.4958;0.0
1058;0;3;397.0;1.0;18.0;2;2;924.0;34.375;2.0
1059;1;1;215.0;0.0;29.881137667304014;0;0;117.0;27.7208;0.0
1060;1;3;525.0;0.0;22.0;0;0;696.0;8.9625;2.0
1061;0;3;718.0;1.0;29.881137667304014;0;0;843.0;7.55;2.0
1062;0;3;1294.0;1.0;27.0;0;0;264.0;7.225;0.0
1063;0;3;358.0;1.0;23.0;1;0;449.0;13.9;2.0
1064;0;3;1190.0;1.0;29.881137667304014;0;0;268.0;7.2292;0.0
1065;0;3;62.0;1.0;40.0;1;5;454.0;31.3875;2.0
1066;1;2;160.0;0.0;15.0;0;2;325.0;39.0;2.0
1067;1;2;1093.0;0.0;20.0;0;0;758.0;36.75;2.0
1068;0;1;1140.0;1.0;54.0;1;0;80.0;55.4417;0.0
1069;1;2;109.0;0.0;36.0;0;3;146.0;39.0;2.0
1070;1;1;258.0;0.0;64.0;0;2;832.0;83.1583;0.0
1071;0;2;773.0;1.0;30.0;0;0;151.0;13.0;2.0
1072;0;1;257.0;1.0;37.0;1;1;832.0;83.1583;0.0
1073;1;1;759.0;0.0;18.0;1;0;45.0;53.1;2.0
1074;0;3;675.0;1.0;29.881137667304014;0;0;700.0;7.75;1.0
1075;1;1;341.0;0.0;27.0;1;1;800.0;247.5208;0.0
1076;0;2;763.0;1.0;40.0;0;0;177.0;16.0;2.0
1077;1;2;964.0;0.0;21.0;0;1;842.0;21.0;2.0
1078;0;3;309.0;1.0;17.0;2;0;718.0;8.05;2.0
1079;1;3;1049.0;0.0;29.881137667304014;8;2;776.0;69.55;2.0
1080;0;2;1219.0;1.0;40.0;0;0;306.0;13.0;2.0
1081;0;2;48.0;1.0;34.0;1;0;142.0;26.0;2.0
1082;0;1;1061.0;1.0;29.881137667304014;0;0;7.0;26.0;2.0
1083;0;3;1304.0;1.0;11.5;1;1;724.0;14.5;2.0
1084;0;2;717.0;1.0;61.0;0;0;159.0;12.35;1.0
1085;0;2;348.0;1.0;8.0;0;2;305.0;32.5;2.0
1086;0;3;624.0;1.0;33.0;0;0;470.0;7.8542;2.0
1087;0;1;1127.0;1.0;6.0;0;2;105.0;134.5;0.0
1088;1;3;865.0;0.0;18.0;0;0;443.0;7.775;2.0
1089;0;2;85.0;1.0;23.0;0;0;755.0;10.5;2.0
1090;1;3;981.0;0.0;29.881137667304014;0;0;682.0;8.1125;2.0
1091;1;3;835.0;0.0;29.881137667304014;0;0;606.0;15.5;1.0
1092;0;3;295.0;1.0;0.33;0;2;457.0;14.4;2.0
1093;0;1;68.0;1.0;47.0;1;0;833.0;227.525;0.0
1094;1;2;978.0;0.0;8.0;1;1;239.0;26.0;2.0
1095;0;2;44.0;1.0;25.0;0;0;760.0;10.5;2.0
1096;0;1;900.0;1.0;29.881137667304014;0;0;780.0;25.7417;0.0
1097;1;3;779.0;0.0;35.0;0;0;703.0;7.75;1.0
1098;0;2;251.0;1.0;24.0;0;0;300.0;10.5;2.0
1099;1;1;1022.0;0.0;33.0;0;0;829.0;27.7208;0.0
1100;0;3;319.0;1.0;25.0;0;0;533.0;7.8958;2.0
1101;0;3;28.0;1.0;32.0;0;0;771.0;22.525;2.0
1102;0;3;383.0;1.0;29.881137667304014;0;0;877.0;7.05;2.0
1103;0;2;314.0;1.0;17.0;0;0;847.0;73.5;2.0
1104;1;2;563.0;0.0;60.0;1;0;185.0;26.0;2.0
1105;1;3;35.0;0.0;38.0;4;2;467.0;7.775;2.0
1106;0;1;518.0;1.0;42.0;0;0;27.0;42.5;2.0
1107;1;3;741.0;0.0;29.881137667304014;0;0;380.0;7.8792;1.0
1108;0;1;1257.0;1.0;57.0;1;1;626.0;164.8667;2.0
1109;1;1;1262.0;0.0;50.0;1;1;37.0;211.5;0.0
1110;0;3;1180.0;1.0;29.881137667304014;0;0;367.0;8.05;2.0
1111;1;2;357.0;0.0;30.0;1;0;860.0;13.8583;0.0
1112;0;3;990.0;1.0;21.0;0;0;405.0;8.05;2.0
1113;1;2;264.0;0.0;22.0;0;0;922.0;10.5;2.0
1114;0;3;623.0;1.0;21.0;0;0;560.0;7.7958;2.0
1115;1;1;193.0;0.0;53.0;0;0;822.0;27.4458;0.0
1116;1;3;826.0;0.0;29.881137667304014;0;2;255.0;15.2458;0.0
1117;0;3;63.0;1.0;23.0;0;0;561.0;7.7958;2.0
1118;1;3;784.0;0.0;29.881137667304014;0;0;634.0;7.75;1.0
1119;0;3;376.0;1.0;40.5;0;0;768.0;15.1;2.0
1120;0;2;546.0;1.0;36.0;0;0;188.0;13.0;2.0
1121;0;2;1163.0;1.0;14.0;0;0;138.0;65.0;2.0
1122;1;1;1267.0;0.0;21.0;0;0;60.0;26.55;2.0
1123;0;3;1264.0;1.0;21.0;1;0;329.0;6.4958;2.0
1124;0;3;713.0;1.0;29.881137667304014;0;0;388.0;7.8792;1.0
1125;0;1;285.0;1.0;39.0;1;0;816.0;71.2833;0.0
1126;0;3;1220.0;1.0;20.0;0;0;571.0;7.8542;2.0
1127;0;1;1232.0;1.0;64.0;1;0;6.0;75.25;0.0
1128;0;3;75.0;1.0;20.0;0;0;274.0;7.225;0.0
1129;1;2;538.0;0.0;18.0;1;1;222.0;13.0;2.0
1130;1;1;342.0;0.0;48.0;1;0;837.0;106.425;0.0
1131;1;1;712.0;0.0;55.0;0;0;22.0;27.7208;0.0
1132;1;2;235.0;0.0;45.0;0;2;175.0;30.0;2.0
1133;0;1;1128.0;1.0;45.0;1;1;105.0;134.5;0.0
1134;0;3;569.0;1.0;29.881137667304014;0;0;435.0;7.8875;2.0
1135;0;3;606.0;1.0;29.881137667304014;1;2;923.0;23.45;2.0
1136;0;1;642.0;1.0;41.0;1;0;110.0;51.8625;2.0
1137;1;2;626.0;0.0;22.0;0;0;784.0;21.0;2.0
1138;0;2;349.0;1.0;42.0;1;1;305.0;32.5;2.0
1139;1;2;551.0;0.0;29.0;1;0;265.0;26.0;2.0
1140;1;3;645.0;0.0;29.881137667304014;1;0;254.0;14.4542;0.0
1141;1;2;1246.0;0.0;0.92;1;2;763.0;27.75;2.0
1142;0;3;8.0;1.0;20.0;0;0;887.0;7.925;2.0
1143;0;1;238.0;1.0;27.0;1;0;94.0;136.7792;0.0
1144;0;3;1059.0;1.0;24.0;0;0;689.0;9.325;2.0
1145;0;3;1245.0;1.0;32.5;0;0;427.0;9.5;2.0
1146;0;3;734.0;1.0;29.881137667304014;0;0;765.0;7.55;2.0
1147;0;3;742.0;1.0;29.881137667304014;0;0;740.0;7.75;1.0
1148;0;3;864.0;1.0;28.0;0;0;586.0;8.05;2.0
1149;1;2;115.0;0.0;19.0;0;0;309.0;13.0;2.0
1150;0;3;795.0;1.0;21.0;0;0;415.0;7.775;2.0
1151;0;3;1297.0;1.0;36.5;1;0;416.0;17.4;2.0
1152;0;3;867.0;1.0;21.0;0;0;570.0;7.8542;2.0
1153;1;2;1244.0;0.0;29.0;0;2;318.0;23.0;2.0
1154;1;3;658.0;0.0;1.0;1;1;565.0;12.1833;2.0
1155;0;2;973.0;1.0;30.0;0;0;762.0;12.7375;0.0
1156;0;3;733.0;1.0;29.881137667304014;0;0;518.0;7.8958;2.0
1157;0;1;232.0;1.0;29.881137667304014;0;0;16.0;0.0;2.0
1158;0;3;1231.0;1.0;29.881137667304014;0;0;766.0;7.55;2.0
1159;1;3;561.0;0.0;29.881137667304014;0;0;708.0;8.05;2.0
1160;0;3;970.0;1.0;17.0;0;0;359.0;8.6625;2.0
1161;0;1;765.0;1.0;46.0;0;0;88.0;75.2417;0.0
1162;0;3;407.0;1.0;29.881137667304014;0;0;619.0;7.75;1.0
1163;1;1;239.0;0.0;26.0;1;0;94.0;136.7792;0.0
1164;1;3;697.0;0.0;29.881137667304014;1;0;637.0;15.5;1.0
1165;0;3;1042.0;1.0;29.881137667304014;0;0;271.0;7.225;0.0
1166;1;2;165.0;0.0;20.0;1;0;162.0;26.0;2.0
1167;0;2;925.0;1.0;28.0;0;0;868.0;10.5;2.0
1168;0;2;380.0;1.0;40.0;1;0;324.0;26.0;2.0
1169;0;2;1228.0;1.0;30.0;1;0;778.0;21.0;2.0
1170;0;2;910.0;1.0;22.0;0;0;920.0;10.5;2.0
1171;1;3;901.0;0.0;23.0;0;0;349.0;8.6625;2.0
1172;0;3;935.0;1.0;0.75;1;1;883.0;13.775;2.0
1173;1;3;386.0;0.0;29.881137667304014;0;0;601.0;7.75;1.0
1174;1;3;1194.0;0.0;9.0;1;1;244.0;15.2458;0.0
1175;1;3;1019.0;0.0;2.0;1;1;632.0;20.2125;2.0
1176;0;3;324.0;1.0;36.0;0;0;730.0;7.25;2.0
1177;0;3;410.0;1.0;29.881137667304014;0;0;882.0;7.25;2.0
1178;0;1;1121.0;1.0;24.0;1;0;131.0;82.2667;2.0
1179;0;3;754.0;1.0;29.881137667304014;0;0;249.0;7.2292;0.0
1180;0;3;396.0;1.0;29.881137667304014;0;0;725.0;8.05;2.0
1181;0;1;991.0;1.0;29.881137667304014;0;0;823.0;39.6;2.0
1182;1;3;292.0;0.0;30.0;0;0;657.0;6.95;1.0
1183;0;3;845.0;1.0;29.881137667304014;0;0;246.0;7.2292;0.0
1184;0;1;332.0;1.0;53.0;1;1;398.0;81.8583;2.0
1185;0;3;1280.0;1.0;36.0;0;0;424.0;9.5;2.0
1186;0;3;47.0;1.0;26.0;0;0;485.0;7.8958;2.0
1187;1;2;677.0;0.0;1.0;1;2;866.0;41.5792;0.0
1188;0;3;1064.0;1.0;29.881137667304014;2;0;256.0;21.6792;0.0
1189;0;1;724.0;1.0;30.0;0;0;64.0;45.5;2.0
1190;0;3;598.0;1.0;29.0;0;0;472.0;7.8542;2.0
1191;0;3;898.0;1.0;32.0;0;0;456.0;7.775;2.0
1192;0;2;746.0;1.0;29.881137667304014;0;0;173.0;15.0458;0.0
1193;0;2;966.0;1.0;43.0;0;1;842.0;21.0;2.0
1194;0;3;971.0;1.0;24.0;0;0;356.0;8.6625;2.0
1195;1;3;766.0;0.0;29.881137667304014;0;0;662.0;7.75;1.0
1196;1;1;283.0;0.0;64.0;1;1;25.0;26.55;2.0
1197;0;1;25.0;1.0;30.0;1;2;49.0;151.55;2.0
1198;0;3;13.0;1.0;0.83;0;1;666.0;9.35;2.0
1199;0;1;516.0;1.0;55.0;1;1;86.0;93.5;2.0
1200;1;3;492.0;0.0;45.0;1;0;546.0;14.1083;2.0
1201;0;3;180.0;1.0;18.0;0;0;355.0;8.6625;2.0
1202;0;3;1218.0;1.0;22.0;0;0;252.0;7.225;0.0
1203;0;3;1045.0;1.0;29.881137667304014;0;0;788.0;7.575;2.0
1204;1;3;204.0;0.0;37.0;0;0;617.0;7.75;1.0
1205;1;1;1255.0;0.0;55.0;0;0;836.0;135.6333;0.0
1206;1;3;479.0;0.0;17.0;0;0;739.0;7.7333;1.0
1207;0;1;1130.0;1.0;57.0;1;0;802.0;146.5208;0.0
1208;0;2;1014.0;1.0;19.0;0;0;299.0;10.5;2.0
1209;0;3;613.0;1.0;27.0;0;0;568.0;7.8542;2.0
1210;0;2;586.0;1.0;22.0;2;0;754.0;31.5;2.0
1211;0;3;40.0;1.0;26.0;0;0;452.0;7.775;2.0
1212;0;3;663.0;1.0;25.0;0;0;248.0;7.2292;0.0
1213;0;2;854.0;1.0;26.0;0;0;200.0;13.0;2.0
1214;0;1;1030.0;1.0;33.0;0;0;56.0;26.55;2.0
1215;1;1;664.0;0.0;39.0;0;0;187.0;211.3375;2.0
1216;0;3;67.0;1.0;23.0;0;0;878.0;7.05;2.0
1217;1;2;108.0;0.0;12.0;2;1;146.0;39.0;2.0
1218;0;1;1023.0;1.0;46.0;0;0;806.0;79.2;0.0
1219;0;2;240.0;1.0;29.0;1;0;128.0;26.0;2.0
1220;0;2;372.0;1.0;21.0;0;0;163.0;13.0;2.0
1221;1;2;310.0;0.0;48.0;0;2;758.0;36.75;2.0
1222;0;1;354.0;1.0;39.0;0;0;804.0;29.7;0.0
1223;0;3;1178.0;1.0;29.881137667304014;0;0;279.0;7.225;0.0
1224;1;3;842.0;0.0;19.0;1;1;247.0;15.7417;0.0
1225;0;3;266.0;1.0;27.0;0;0;512.0;7.8958;2.0
1226;0;1;740.0;1.0;30.0;0;0;3.0;26.0;2.0
1227;0;2;1296.0;1.0;32.0;0;0;197.0;13.0;2.0
1228;0;3;366.0;1.0;39.0;0;2;270.0;7.2292;0.0
1229;0;2;321.0;1.0;25.0;0;0;754.0;31.5;2.0
1230;0;3;118.0;1.0;29.881137667304014;0;0;230.0;7.2292;0.0
1231;0;2;382.0;1.0;18.0;0;0;742.0;10.5;2.0
1232;0;3;731.0;1.0;32.0;0;0;563.0;7.5792;2.0
1233;0;3;1056.0;1.0;29.881137667304014;1;9;776.0;69.55;2.0
1234;1;1;199.0;0.0;58.0;0;1;831.0;512.3292;0.0
1235;0;3;1303.0;1.0;29.881137667304014;1;1;724.0;14.5;2.0
1236;1;3;4.0;0.0;16.0;0;0;483.0;7.65;2.0
1237;0;2;136.0;1.0;26.0;0;0;170.0;13.0;2.0
1238;1;3;1250.0;0.0;38.0;0;0;283.0;7.2292;0.0
1239;0;2;440.0;1.0;24.0;0;0;206.0;13.5;2.0
1240;1;2;1224.0;0.0;31.0;0;0;781.0;21.0;2.0
1241;1;1;470.0;0.0;45.0;0;1;835.0;63.3583;0.0
1242;0;2;1144.0;1.0;25.0;0;0;785.0;10.5;2.0
1243;0;2;326.0;1.0;18.0;0;0;847.0;73.5;2.0
1244;0;2;531.0;1.0;49.0;1;2;138.0;65.0;2.0
1245;1;3;316.0;0.0;0.17;1;2;745.0;20.575;2.0
1246;0;1;614.0;1.0;50.0;0;0;29.0;26.0;2.0
1247;1;1;163.0;0.0;59.0;2;0;76.0;51.4792;2.0
1248;0;3;721.0;1.0;29.881137667304014;0;0;83.0;7.8792;2.0
1249;0;3;886.0;1.0;29.881137667304014;0;0;618.0;7.75;1.0
1250;1;3;710.0;0.0;30.0;1;0;542.0;15.55;2.0
1251;0;3;1048.0;1.0;14.5;8;2;776.0;69.55;2.0
1252;1;2;749.0;0.0;24.0;1;1;841.0;37.0042;0.0
1253;1;2;1230.0;0.0;31.0;0;0;778.0;21.0;2.0
1254;0;3;1152.0;1.0;27.0;0;0;347.0;8.6625;2.0
1255;1;1;495.0;0.0;25.0;1;0;74.0;55.4417;0.0
1256;1;3;1057.0;0.0;29.881137667304014;1;9;776.0;69.55;2.0
1257;0;3;195.0;1.0;29.881137667304014;1;0;284.0;14.4583;0.0
1258;1;3;1003.0;0.0;22.0;0;0;335.0;39.6875;2.0
1259;1;1;435.0;0.0;45.0;0;1;23.0;59.4;0.0
1260;0;2;913.0;1.0;29.0;0;0;859.0;13.8583;0.0
1261;0;2;438.0;1.0;21.0;1;0;301.0;11.5;2.0
1262;1;1;1276.0;0.0;31.0;0;0;105.0;134.5;0.0
1263;0;1;577.0;1.0;49.0;0;0;19.0;0.0;2.0
1264;0;2;493.0;1.0;44.0;0;0;214.0;13.0;2.0
1265;1;1;334.0;0.0;54.0;1;1;398.0;81.8583;2.0
1266;1;1;144.0;0.0;45.0;0;0;824.0;262.375;0.0
1267;1;3;651.0;0.0;22.0;2;0;364.0;8.6625;2.0
1268;0;2;272.0;1.0;21.0;0;0;322.0;11.5;2.0
1269;0;1;539.0;1.0;55.0;0;0;685.0;50.0;2.0
1270;0;3;57.0;1.0;5.0;4;2;454.0;31.3875;2.0
1271;0;3;882.0;1.0;29.881137667304014;0;0;607.0;7.75;1.0
1272;0;3;391.0;1.0;26.0;0;0;375.0;7.8792;1.0
1273;1;3;1008.0;0.0;29.881137667304014;0;0;587.0;14.5;2.0
1274;1;3;783.0;0.0;19.0;1;0;655.0;16.1;2.0
1275;0;2;1252.0;1.0;29.881137667304014;0;0;862.0;12.875;2.0
1276;1;2;530.0;0.0;24.0;1;2;138.0;65.0;2.0
1277;0;3;53.0;1.0;24.0;0;0;543.0;7.775;2.0
1278;0;2;55.0;1.0;57.0;0;0;195.0;13.0;2.0
1279;0;3;192.0;1.0;21.0;0;0;600.0;7.75;1.0
1280;0;3;915.0;1.0;6.0;3;1;541.0;21.075;2.0
1281;0;1;934.0;1.0;23.0;0;0;86.0;93.5;2.0
1282;1;1;715.0;0.0;51.0;0;1;809.0;39.4;2.0
1283;0;3;1.0;1.0;13.0;0;2;748.0;20.25;2.0
1284;0;2;437.0;1.0;47.0;0;0;752.0;10.5;2.0
1285;0;3;654.0;1.0;29.0;3;1;365.0;22.025;2.0
1286;1;1;1119.0;0.0;18.0;1;0;98.0;60.0;2.0
1287;0;3;246.0;1.0;24.0;0;0;645.0;7.25;1.0
1288;1;1;417.0;0.0;48.0;1;1;96.0;79.2;0.0
1289;0;3;683.0;1.0;22.0;0;0;442.0;7.775;2.0
1290;0;3;259.0;1.0;31.0;0;0;132.0;7.7333;1.0
1291;1;1;132.0;0.0;30.0;0;0;626.0;164.8667;2.0
1292;0;2;424.0;1.0;38.0;1;0;313.0;21.0;2.0
1293;1;1;434.0;0.0;22.0;0;1;23.0;59.4;0.0
1294;0;1;206.0;1.0;17.0;0;0;35.0;47.1;2.0
1295;0;1;413.0;1.0;43.0;1;0;116.0;27.7208;0.0
1296;0;2;872.0;1.0;20.0;0;0;863.0;13.8625;0.0
1297;0;2;1229.0;1.0;23.0;1;0;315.0;10.5;2.0
1298;0;1;1260.0;1.0;50.0;1;1;37.0;211.5;0.0
1299;1;3;1006.0;0.0;29.881137667304014;0;0;394.0;7.7208;1.0
1300;1;3;936.0;0.0;3.0;1;1;883.0;13.775;2.0
1301;1;3;849.0;0.0;29.881137667304014;0;0;605.0;7.75;1.0
1302;1;1;801.0;0.0;37.0;1;0;120.0;90.0;1.0
1303;1;3;527.0;0.0;28.0;0;0;462.0;7.775;2.0
1304;0;3;1126.0;1.0;29.881137667304014;0;0;711.0;8.05;2.0
1305;1;1;891.0;0.0;39.0;0;0;834.0;108.9;0.0
1306;0;3;1046.0;1.0;38.5;0;0;872.0;7.25;2.0
1307;0;3;1227.0;1.0;29.881137667304014;0;0;579.0;8.05;2.0
1308;0;3;953.0;1.0;29.881137667304014;1;1;262.0;22.3583;0.0
